window,declared_step_start,declared_step_end,covered_step_start,covered_step_end,sample_count,first_wall_unix,last_wall_unix,sum_model_flops_per_second,sum_reciprocal_model_flops_per_second,mean_model_flops_per_second,harmonic_model_flops_per_second,sum_tokens_per_second,harmonic_tokens_per_second,covered_logger_seconds
1,1,500,5,500,496,1787554266.056376,1787594479.066605,46640770806972416.000000,5.27470195738688124e-12,94033812110831.484375,94033749016924.812500,6377076.033203,12856.999504753,40294.166598396
2,501,1000,501,1000,500,1787594653.510720,1787635238.730273,46878571402100736.000000,5.33562468695572255e-12,93757142804201.468750,93709739596635.390625,6409589.898438,12812.698473429,40759.563731483
3,1001,1500,1001,1500,500,1787635404.874160,1787675998.746922,46874370244608000.000000,5.33568840038677493e-12,93748740489216.000000,93708620609058.781250,6409015.465820,12812.545440427,40760.050563584
4,1501,2000,1501,2000,500,1787676183.931267,1787716771.533406,46868455227392000.000000,5.33734541966160519e-12,93736910454784.000000,93679528058669.406250,6408206.733398,12808.567717076,40772.708669350
5,2001,2500,2001,2500,500,1787716958.932130,1787757539.892180,46874561370652672.000000,5.33679099192381411e-12,93749122741305.343750,93689260223353.671875,6409041.619141,12809.898385560,40768.473276003
6,2501,3000,2501,3000,500,1787757700.699440,1787798273.735135,46902331874213888.000000,5.33225352684554702e-12,93804663748427.781250,93768984817154.750000,6412838.586914,12820.798884726,40733.811106122
7,3001,3500,3001,3500,500,1787798435.329032,1787839010.772957,46899004247638016.000000,5.33267249588271493e-12,93798008495276.031250,93761617722829.093750,6412383.632812,12819.791645760,40737.011523330
8,3501,4000,3501,4000,500,1787839172.421642,1787879760.619718,46884227689480192.000000,5.33435188738082345e-12,93768455378960.390625,93732099148318.640625,6410363.275391,12815.755652761,40749.840598552
9,4001,4500,4001,4500,500,1787879943.815684,1787920530.490049,46870757271142400.000000,5.33697709381861346e-12,93741514542284.796875,93685993252455.468750,6408521.487305,12809.451688639,40769.894972412
10,4501,5000,4501,5000,500,1787920680.806362,1787961268.989350,46892941750304768.000000,5.33286392189206737e-12,93785883500609.531250,93758252099296.593750,6411554.724609,12819.331475840,40738.473841965
11,5001,5500,5001,5500,500,1787961416.710657,1788001983.583078,46919477249441792.000000,5.32974973881899183e-12,93838954498883.578125,93813035227202.609375,6415182.839844,12826.821801780,40714.684281925
12,5501,6000,5501,6000,500,1788002133.728539,1788042700.642598,46917463186604032.000000,5.33006967384572756e-12,93834926373208.062500,93807404142100.500000,6414907.491211,12826.051938260,40717.128116578
13,6001,6500,6001,6500,500,1788042850.010998,1788083408.741087,46927616640286720.000000,5.32888203028972002e-12,93855233280573.437500,93828310921121.296875,6416295.737305,12828.910447134,40708.055617980
14,6501,7000,6501,7000,500,1788083558.232588,1788124113.163273,46931851150884864.000000,5.32841352507650969e-12,93863702301769.734375,93836560853790.078125,6416874.700195,12830.038418112,40704.476711679
15,7001,7500,7001,7500,500,1788124281.948582,1788164840.560200,46913182463164416.000000,5.33140123793722795e-12,93826364926328.828125,93783974922408.015625,6414322.197266,12822.848515945,40727.300127628
16,7501,8000,7501,8000,500,1788165012.729551,1788205564.856038,46918125551091712.000000,5.33101890012896122e-12,93836251102183.421875,93790701058648.406250,6414998.027344,12823.768109910,40724.379568000
17,8001,8500,8001,8500,500,1788205750.108349,1788246295.042368,46917553464803328.000000,5.33177429468967017e-12,93835106929606.656250,93777412989516.265625,6414919.813477,12821.951279592,40730.150084973
18,8501,9000,8501,9000,500,1788246472.141356,1788287020.384063,46919244935331840.000000,5.33114662120732563e-12,93838489870663.687500,93788454065584.640625,6415151.105469,12823.460941780,40725.355063740
19,9001,9500,9001,9500,500,1788287200.604276,1788327743.183041,46923665748525056.000000,5.33081094619177974e-12,93847331497050.109375,93794359816340.812500,6415755.537109,12824.268388742,40722.790896865
20,9501,10000,9501,10000,500,1788327898.303191,1788368449.161738,46932234401218560.000000,5.32860688607985455e-12,93864468802437.125000,93833155774011.250000,6416927.106445,12829.572862430,40705.953783491
21,10001,10500,10001,10500,500,1788368598.091413,1788409144.727372,46941908865384448.000000,5.3272506613483456e-12,93883817730768.890625,93857044052334.546875,6418249.864258,12832.839029928,40695.593452241
22,10501,11000,10501,11000,500,1788409302.923460,1788449864.236358,46917870512242688.000000,5.33037318352470029e-12,93835741024485.375000,93802062779659.984375,6414963.145508,12825.321547576,40719.446920899
23,11001,11500,11001,11500,500,1788450020.878380,1788490571.312980,46931582715428864.000000,5.32875204334254777e-12,93863165430857.734375,93830599722626.000000,6416838.010742,12829.223392753,40707.062618850
24,11501,12000,11501,12000,500,1788490730.128631,1788531286.286918,46923357014196224.000000,5.32978600624298105e-12,93846714028392.453125,93812396860649.000000,6415713.307617,12826.734515512,40714.961346431
25,12001,12500,12001,12500,500,1788531459.096875,1788572013.619591,46914926211497984.000000,5.33141504034136447e-12,93829852422995.968750,93783732126768.656250,6414560.604492,12822.815297004,40727.405636266
26,12501,13000,12501,13000,500,1788572174.105810,1788612719.598958,46934385710071808.000000,5.32860521737348636e-12,93868771420143.609375,93833185158808.625000,6417221.268555,12829.576915668,40705.940923290
27,13001,13500,13001,13500,500,1788612870.360879,1788653425.458144,46930676930314240.000000,5.32859873340235425e-12,93861353860628.484375,93833299337356.156250,6416714.145508,12829.592466046,40705.891584797
28,13501,14000,13501,14000,500,1788653579.731986,1788694128.177348,46935606999121920.000000,5.32818994760442407e-12,93871213998243.843750,93840498352503.750000,6417388.222656,12830.576772501,40702.768804540
29,14001,14500,14001,14500,500,1788694284.396048,1788734837.781613,46928481430274048.000000,5.32907684366746263e-12,93856962860548.093750,93824880869216.500000,6416413.971680,12828.441453148,40709.543860595
30,14501,15000,14501,15000,500,1788735021.160092,1788775562.694914,46922810731266048.000000,5.33108592822242195e-12,93845621462532.093750,93789521822004.875000,6415638.627930,12823.606893494,40724.891548644
31,15001,15500,15001,15500,500,1788775744.712975,1788816285.946485,46923821097156608.000000,5.33089251357529638e-12,93847642194313.218750,93792924679447.812500,6415776.760742,12824.072133025,40723.414106124
32,15501,16000,15501,16000,500,1788816446.199967,1788856988.991765,46937586349899776.000000,5.32822690705568668e-12,93875172699799.546875,93839847424270.812500,6417658.849609,12830.487762544,40703.051175075
33,16001,16500,16001,16500,500,1788857155.757072,1788897700.797095,46930321429495808.000000,5.32936057535337753e-12,93860642858991.609375,93819885693669.015625,6416665.530273,12827.758435636,40711.711451411
34,16501,17000,16501,17000,500,1788897860.544574,1788938414.901761,46924701959716864.000000,5.32966413420789033e-12,93849403919433.734375,93814542044179.187500,6415897.226562,12827.027875725,40714.030175949
35,17001,17500,17001,17500,500,1788938619.142295,1788979173.899703,46894184933621760.000000,5.33555272380643025e-12,93788369867243.515625,93711003504674.500000,6411724.683594,12812.871255232,40759.014088019
36,17501,18000,17501,18000,500,1788979331.323019,1789019884.602964,46927732981891072.000000,5.32922206335774163e-12,93855465963782.140625,93822324169574.734375,6416311.637695,12828.091880544,40710.653218197
37,18001,18500,18001,18500,500,1789020042.324467,1789060586.506116,46937847738925056.000000,5.3280917652845468e-12,93875695477850.109375,93842227579069.765625,6417694.616211,12830.813250698,40702.018632498
38,18501,19000,18501,19000,500,1789060733.143217,1789101283.177163,46939812560633856.000000,5.32738984610952956e-12,93879625121267.718750,93854591918993.593750,6417963.244141,12832.503761609,40696.656685377
39,19001,19148,19001,19148,148,1789101441.230528,1789113388.685560,13838871896784896.000000,1.58466125347183006e-12,93505891194492.546875,93395354796330.890625,1892154.367188,12769.713439407,12105.443143537
