image_sha256,questions,before_sum,after_sum
3932241f34f684354a4f59128b2d2c9683944eee5fe3567e8b3d045402f53e27,2,0.0,0.0
51719306f49a2beac7cbbbfa7926b104c3f39aaae23561ff1a77360381c24502,9,1.0,3.0
ecbe9ca75f5617e4a8e2f6cc61b1ce2a29e84d718430ebc1ae4b0c7b54333e7e,2,1.0,2.0
71eb9c94e4241349585c63a633280017354a2efd1326a8a162671b4892dbd769,4,0.0,1.0
0113e3490da446da2189e9cfefe2306004640db1413187daff5ffc80461e4edb,1,0.0,1.0
65b0e63e862274ec2eec406c5588809cb87a5bc678d3ca8298075b19e690249b,3,0.0,0.0
ea875c9a653dea9d225a9bc08a61a91672d030ea2302156d3cd88f07397d8e68,6,0.0,2.0
88ec15970c30d39d8fd1572a7026cc25748a7ae3cd7bba7455c97a7dd52113ba,8,3.0,3.0
bc1a27eeb461fd9bef1cbb378428280e0dbbc8c0816132070e184ec94cfdefcf,5,0.0,3.0
719820bf00425b4249b1499d1643f761e034d62511bcb3d332bbbc6f409f2311,5,0.0,1.0
6b7e0936542ae997a7a0b62a63b903af274a3ab5071e8bdb79b037ced35423eb,2,0.0,1.0
ca1369a42b49d36e336aadc7c994c9ed3cd131edca2fdcff8c48552f0b5ac5b5,4,0.0,1.0
a496f53571cc4c8c277fce7e6a7a7bb10c53fbb21b50443403fa6fa7d8b76898,6,0.0,0.0
935641b28c3b294f7ef890010d9140011bcb14ddcf343c7ce4a45edb62160442,1,0.0,1.0
d1dfc131194a4dab7f853bba7c7ce3cd53f5e87c92cb9bc66ad0f4cc87aedef4,11,0.0,3.0
7039081eb39d34f7f1a7dc0a485eabdbe6181726adfdb94eedab7868002d213d,10,2.0,3.0
62e74cd8e7792167db7952734a761a1e2fae4a4c0a6a107e8510ebbbf3c1cda3,2,2.0,0.0
77f2b95b23e1f46c250ffbfd7ea910cda401382c7f4dfa2a03be8cc4d5598fe3,2,0.0,1.0
e6874d58ee4a68e1c0af4a455cf748b7c12e07f94bcded34f019259251d967ba,2,0.0,2.0
f91835057b25ae9684b5030b51201361d6b7c54c1986402f3be104e7e3ea9a94,2,0.0,1.0
2ee6905ff7b744e5c636234d0071aa43c2340324c9f67a4d879bb55991ca681a,4,0.0,1.0
ce743744652b699b678f64d817dd0829384cd5a115420ada1679be3b19359fd6,1,1.0,0.0
90adba78663e0931bc0c81c4a6698e61ae4b8cbe035add3b1c378c4c2fc1772d,2,0.0,0.0
e95dfd78c03a0f24df61c4e3abf3c471917c8059c517205514adad38cc4c85a4,3,0.0,1.0
ace79eb36fb38cc1befbb591d4922d68a6bd588591b1b0030a36d1c466d099c0,9,1.0,2.0
c15e8c42ec9a22191d56c7c9e3a4e74f56bead1a1fb927fd930de9e106a74162,11,0.0,3.0
983dc12bb62450230c33347356ad0ad217dfd448c9c74fae5d7776c68dbf1537,10,1.0,2.0
528173da36821a02a9946b0a83801582e8938de40d24baa1905b9c759420aeab,2,0.0,0.0
401ea5016fba96c249e9aab8655d629ed7f0eb61d9bcdcebc88b8512e75ab634,4,0.0,0.0
dbe5bc2952876c05ef395a8fdde5f890e048cd601ff2d3413bdf43779e3cda86,4,0.0,3.0
cfd306d8c971e61221293c777bf6c7623633f9f81cc95d56b5a5873f3de61a9d,1,0.0,0.0
9f987404b4db40c746b10e571b093431119829ca7a0e8264bccc02a028c9d8bf,3,0.0,1.0
35dfe8353bc16a72719210f7a9a43adba6c5a724181a38fc184f442d5fd96823,3,1.0,2.0
2ac5b7f35b63ca44453924b7736f1c4716f3cb3b677037b453bf106b709575c1,2,0.0,0.0
65efc5fe5f4c6961228d121704d26a19dfe43c8a0a3e7c6fc47141c4274d0f62,4,0.0,0.0
6f06c4edd35be367c0b02558c7d51d9b58f9f0ef96fac08287bf94eea3f69740,3,1.0,1.0
458052dc8baf732b17c87bc688abb707ea27127182d841bf77097dd4c508360a,7,0.0,1.0
3debaac9221c67ac68ac8ff41a97b5785416fb5c8117cb880f8391fb6c6dd8ac,7,0.0,2.0
6c395288b6aa5f6460c5b112becb2847f2d5548addfc5142f363141892279d4d,12,2.0,5.0
69847b4c53d1de16d51a85cb1c49f49176112cdf2bd26e7b754b556b9bee63ee,4,0.0,0.0
5d528888736f71c5920c46c96946b0f36d3dd053fb0f0ed27ed4c112dd7ec42b,3,0.0,0.0
a1c25212bdadf7284e27c1e11d8ebd68f148c93978255c9a236df7a945e58019,4,1.0,0.0
06d0fc52c238f8354e2c02e764d6106e11c0a0c583ab7766496d3fa0c5c45994,5,0.0,1.0
a722afe657403653700b54db39b202b0d73f1809643c007689be5f0d193ec65f,1,0.0,1.0
2b83d771e062420de4ddf34c25fdbb28d0c65d8d98e7af3f61752a59cfbfb7c4,7,1.0,1.0
57eccd9fd668fc5d53d842093ea962e175bbb91eb9002a5a34c98abdd9298bdb,11,1.0,2.0
59c24d18bdc0662c0a5678543e17ce53e0dc4af7b5a9411be221d0477137f3a1,1,0.0,0.0
1fa724f88e99c0e157aa2841aeaaefbf9ed789b3d27e6c134ebf72ebbfe657f7,4,0.0,1.0
10dfd2dde655ed75662ec83b470924aa2e298bcf4f562f0ebc8f4c4d93c07716,4,2.0,2.0
0a2d1a7a88e329033773a2aca35e1c8249b76989658520c1c452eccf9864212a,3,0.0,1.0
22875580a03d31c95c5f71bbfb626e7e4951d50fa259b8569673b2439d4258b9,12,1.0,2.0
579d6ebc496cf539256621b7b22274d919273af08bcd1f909c6583dfb02f6361,4,1.0,1.0
9332474cdc3de301643cbb8b167dc39bd0780c0979fed4bc9efcc4d731514a0a,10,1.0,3.0
8aaf3223563b78d0bdbf643d4c167fac07b160c0b33de953cf7e339de137f022,2,0.0,1.0
a674eabe76ff388ab309a6eefcff533444bd73626427410ae7e590ef25ac2604,3,0.0,1.0
07ccaea91d9d30c4f18b51f32a573e25ca35ae7d10f06c3206fac30aef301a73,4,0.0,0.0
4c4c19516aa07c573cae6de53521ef45f47f2300b64abf80bf07fce8ec720f47,3,0.0,0.0
3ddbd87c6c8cdb2288e89e3631b4e888f8c97189d6f196886ff5c3053bc40d76,6,0.0,0.0
b207d4467929f87db65b6b4782229895a7988f5739d9af9b03e806269eb821f6,3,0.0,0.0
abc1fecd0d2e08cc287bb3d28dfbe1227570137c9b4ccefccae86de53bcde25f,2,0.0,0.0
7d13e811062cea418fc365cd246fbce8f387d2a1399231bd6955d980a80095a8,3,0.0,2.0
777f62d2eee39d11c3d20a77eab624b40e5a95abe15190ca9a758bbe08f7e2b8,2,0.0,0.0
b2def1081436b404000344d2d89fcfaefa94bdc9e3f6df1bf4e6fb6605f571c0,3,0.0,0.0
240ad0575e9d4b37e3d208b7dfafe5cb9f3b2f54dfc1316dab51ea635e81ee35,1,0.0,1.0
441ac5203e9437affe4f2a443646df03eaf7fecc49ed45a97863338c48d5fb6c,6,0.0,2.0
fa6805f40ee5dd15d900215601a6e36669fade33056cb30f238fd5ae1823e36e,3,0.0,1.0
3a0564cd1358a24e3bd0f8c115589f256526b98e5139da6422188b22839af935,5,0.0,1.0
05b635f33454fccb1e2e4174d7eeaa89a1dcdd1a56d3ca0f159432d9eb10dbb1,10,1.0,2.0
af6fc6844650df65b897c39a45e0604afaf95fc8f50f4031891165b695cdbdf5,5,1.0,1.0
4d7ca02b16356fedf8d7480ec9631747f366d33d477f99c7bd2403ee82b8aae8,3,0.0,2.0
b8be34dbc5848ec78ec5d9f3b5f4937820d74ae8173b17a4181401702c8588ea,22,0.0,7.0
cc687f36fd4e1dd80c8b5733c5ff4c4a0b57a560dd826cf4c630fc40cddae43e,23,3.0,6.0
2746a940c2e3a1e55582e56efdec6576505be38723f3866cdac265fb3e7f8dce,8,0.0,1.0
555145aa18746528030a6be5c4bd346b1c672e271278391221bcacc12c8a5dd3,3,0.0,1.0
9a1a251060cf1e56651166474aa062e02736a0ef1e103c5cc586414a4af8b041,2,0.0,1.0
482cb51cfacacfbfaa4c2ba1f501d4dd4df6617f100aef898b22c731807b847b,3,0.0,1.0
6a6c7af2ba1c9589581b2547bc1e229648f091a0f4b0284ea7f37389987a1bcd,1,0.0,1.0
df8bdbac1aa2203e5f9ce1613301efd8b32240216ec2987e06fd42c4bcd155e8,9,1.0,1.0
7e792f8bb05c76266d48ee0fad93ad9b1072becd50ff44d4959efa1fc3c39e07,9,0.0,2.0
e8d4b73135985a87a0fab36dbb68c75a531dc4e68c13ea010451f9fa3803fb04,2,0.0,2.0
8e1a9ed69232ac43ee94af23825049575e43960293b5b3b068e92c3c4cfc80be,2,0.0,1.0
cdfc37a625bfa11a89a08b79e283c282b8cd3a0782fc4e8e71438c13f99e1620,3,0.0,2.0
399245adc1b542b40d76e32edb7f73ca752f28a99ebf87decc06075cd01e6074,3,0.0,0.0
75874ce676cddc9e380de2be9b76fac3ddb0a7c90b81af3be74543b12a9b3ab9,1,0.0,0.0
a4474ccefa1fb735f343e410b31cdc14c0ac3ee95662e740db55a71b5828795e,4,0.0,0.0
9d8207a2f118d67947c45338e96e2d3a662bfece28ac578b9e7576ade2c4e1a7,4,0.0,1.0
7a7c41bde8d8f48204062fb15ddc0794e2d244062cdef69a85b7d4c9a6fbcc64,2,0.0,0.0
48ea165ebea0caca947721311df7915e7405b26150e620adbe39374c4c5423c6,3,0.0,0.0
47aeb7f60dd6be8c6debc6639388828585f95d1f13308e27ab01d2ae4249b40a,1,0.0,0.0
fc819df793ed0c04c968cdb1a4c71bcc99e6f0d74c99975ed442f4b04f899340,4,0.0,2.0
2db7024d5129c4f244e489c30012048905273a89d2a811bd391db2e9435ed716,4,0.0,1.0
2e217303b4312fb6e49f4013c611d0a30ffa62f656bdff6aa4b4be5ac88c72c2,3,0.0,2.0
6eb92d7fbea676baa51ccd6c4cd4f94c621b240bbbc3676be8e4a2c6dc98174a,4,0.0,0.0
231bf2f297c0bca61d1bde016c2e63afc09870f5a99b1ab734865ba139516c36,3,0.0,1.0
afc137c39249d7a99f3e34f43035134a9f5192b19cd3ebbb4e923f5e15cd5f2c,4,0.0,1.0
837c6b8281fc947847ddfa459702098249ca281dffb47e18976e87fbbe40b964,4,0.0,0.0
4aa931fceccfacdb607179dc2799c647261830e7a543a1a61768191e4955a529,2,0.0,0.0
514b322ea7714f82b6c5bf99f5638a3ca8fea1f03f605d8358c343a9dd513553,2,1.0,0.0
f3009811e44984e881fe989e2868f71ea0d1d6f877472beee901e508a8d0d924,2,0.0,1.0
0a5bffc5f4cc94d25af5483fdf916f64f82eaf276aabfb19a10598c022ccafda,2,0.0,1.0
3be058792c5a1837e7a489c7e6aa877ab02756c88f55e6629c3702fba4ceca97,3,0.0,1.0
958901db9f75ed1d31f1caecedde9b7959173c60a1db7c7dc1aa3111e56b8679,2,1.0,0.0
d4351232456d33b9e369b5b7eac0e3941afda2258695eab2441e3b5abf09a8ea,4,0.0,0.0
2f92506c0f64b14e12721c031abfbee5d985379b9a29c82ac029da44968f1918,1,0.0,0.0
afa6b253f97e9e28bfd56ad3b0b585bf97f8f260df8636b76a5541d0ab54004c,1,0.0,0.0
aefb2474cbc6587cc979479a5c91e1760825d6815e8a0b4bf72cdf29ffda65c1,6,1.0,2.0
2523220f397fa758200c1f919e1bb7020a4b4bc9c9bfa8e55a61d304fc9afa23,2,0.0,1.0
0e2628097b260254c1bcedc1ef4adf5213c15e9e8e0b17aa9037935dcd85d0a6,1,0.0,0.0
d510f4978c0a7c515bd193ce40c372229770b8f1a971d92427b3c1b05977f7ca,3,0.0,0.0
1a7a5d97e026acf0c8baab91f52738608a05423cd1f6ee742cd8a6fbfaf8aae0,4,0.0,1.0
fb9639f1adcbbf6acd849d2ae6a77fd06a981b3ca9eb22e0e9d888e8b5280d4d,3,0.0,0.0
d71ee9093bee55de62c8bcfbdb4e55351ac7a4b1171d519ee8a3590db4fc36f6,11,0.0,2.0
76c0ecb4aa462fc2d8a08dbb2255fbdc35bbf60196f263326f85c36117893d1e,1,1.0,1.0
4acdba72320628f0f9f5f61476450a2efdba6578b806217c67ada701758691f6,5,1.0,0.0
edc97d258c785e94e833fe3ead8579c1187b5dfd491d16bae71b65776f6cb540,2,0.0,0.0
b1ddae961853d9a076a3b8e5ecb9980c686ec5804aba5280149f3961bdbce323,4,0.0,1.0
b36dab00e5c18fef28e1349f052fa7b7b1fadd37df7d140d78629bc1273a9416,2,0.0,0.0
31e517866b86920d31a0d5d1a4735b5889fbb61d0b2b384e18389c054487206b,2,0.0,0.0
00d98cca4de6eb95a53bed284ee2c245c712507f4cd566bcb731e27160e23f39,5,0.0,1.0
417f81dada831f4759fd39591b8d2dd81de5b7137ce3d59d767b1782ac9f6c6c,4,1.0,1.0
549069de28a41a0997745c3bbb7cf9173057b4143a8d9fe176870a10ffb3793a,3,1.0,0.0
2984871e82b1ca6e545bf8554b25994cc6f7f1d64f4084733a761258c267b02e,1,0.0,0.0
c05b80f4af85bb6b8c8f6e5037f4d1c17351db171ba6ff41e1acc32a385525cb,2,0.0,1.0
6c4174d293ca884189db16730d1fededc9b23f28916ebb7d6e3ff8c47f0fade2,4,0.0,0.0
51aea221c417f9c4c427d0b03375dd296305b5a009ed89ccd75170a71e0e8e5f,3,0.0,0.0
2fbd6675c60a3925b7e4208df6436312f7b3f5f9ff72801e98ec7dbb8676d2e1,2,1.0,1.0
598da4be7677b5c107aadd72f624547d2985b538c41a71712e1f90386951a7dc,2,1.0,0.0
dc5d02e22d94446575301f3d5f6c3141001d4ad7904b58589f9aed43adfddf06,3,0.0,0.0
0109cc7e9db3ae5e67b6e2db8011ff9a60e005fb9a41206cba09317b67f83c72,1,0.0,0.0
41c64884827a9d790f95789895e5f22847fe4fb3ab08cefa310d0eb33783f1f7,4,1.0,1.0
28eda9e834e6fc6f4ce3d2c8f840affdad62c8833a6b9ba699ecd7e53a674a7b,2,1.0,1.0
61d7f4c0684bddb6f9d08badcc353de4d3bce8d429ef079ae79b902dfa527bb9,3,0.0,1.0
f20ac83deea5e754ddec87830db8394ea28a6c55c44f53daa90402a21ef3bf36,3,0.0,0.0
df88094cee94a08d1a44f31d88f1236e9712d390c815072f71cc7474ec34e17e,4,1.0,2.0
3645d3ea550d09961008610d619c743072f2034fad21188015a74a2bc154af52,6,0.0,1.0
9011a520e0a959199eab4869851918c0298566b66da79c287026ba48b5ce803c,5,0.0,0.0
912aeeb3df308d7f9daab0c1f4fb9c9ed5b3d1f4bc1b83a0e51fa479d270a242,2,0.0,0.0
7fbf2c0038f4c6d9f8288b35a3e85d3f58d9d806a90aa4a59902ed848dd64146,4,0.0,1.0
b378544194cfe0ff561bb1bec7aee2a99fc2232326f8831c95940a26041e7ffb,1,0.0,0.0
baa0d1e3ec3b84baf9568ce684864fb286904cb1fe0c52b485e4ab6dff57194d,4,0.0,0.0
15f089f57ead3b1e67ae2beda81edbf807ececdb3a18a731d729fe55bdad52bd,2,0.0,0.0
c842b6dc7df6c988e66fc782fab0214403cede002427ba0f38f82d43d1576be8,2,0.0,1.0
8bc3031e17c7ea06e88f741691ecfa28ef2650deb795aefc4b7d571de6e10f9d,5,0.0,1.0
dd09988576c3a295a64b003f8a959f01343e72720b55e2fe0e7f662a466471c2,2,1.0,1.0
d6d53c17b267db38f154019c107cdfaed1ea73e0b5f7976675825298e792968b,1,1.0,1.0
2576a19a21758acb805b9fc8580dbc12ab8bc2a44723980bf488fddc873d31bb,2,0.0,1.0
0c9bb57351a056a131f3762d72191e225462f1eed8eb70a2e561b510d3037ca2,4,0.0,1.0
2418d4ff0c04f2299e6cbbf7d3a53f1043e69d1dcd9bbdacd2cf9e567c95aaab,2,0.0,0.0
3b83301b0c6aba440596bc229213794d83ae6b94fd3f21217bbda98a4d479942,4,0.0,2.0
62ad58eb95910e5eab9a940b172b7a2b5ec3b9656e534f6324729db496280893,2,0.0,1.0
e13aee9acf71c66644dd322fda7950e92aa0dcdf0320fd24062bf15243018925,3,0.0,0.0
d1d00a34c94fd731f3517da35779233dc2a8047c91d9514bb09b10bd8af14383,2,0.0,0.0
283b614da25b101b0802830b143888c6ad28a7c6d206044b9fadef87ee3f3569,12,1.0,3.0
4ccbfedc4e026290ff6b5c23230857c88fd28eb7fc235a2ec73965f43bf90248,2,0.0,1.0
65e8128e9aec3851532dc90001b20f2f2d5b5a2c3a9d53c63f8fde0ac0610fc4,11,1.0,3.0
ab1d5333dbd0bc73addf1f6e0ffd00ad99880933822828e37324e08931cbe319,2,0.0,0.0
bee9f288a18655c45b234f01ee5770512a5740c71cfc32529e77050a755e0a16,3,0.0,0.0
a6403688758fe12bc8643cb393c967046330f8b0d887e038da77e6a2a7a07590,3,0.0,1.0
babc9e70909ef9b91f962f16a3c98fee6257c5c3e1101bc50db68a694db641ba,11,0.0,4.0
97d753ca0166cf4f6b521da597e1e2a79145d4a093c4e3f26c288716c5056ed4,4,0.0,0.0
72cf1573f817855c189afc1c4d1c3bcb9a7907b754377701ee6e4561067cdab0,4,1.0,1.0
ad2b79a7cb3e33101227f1c9a25ca7d2fc1850cdced8a517b48391e47a7dfeeb,1,0.0,1.0
38710f9b8d44fa18093a7e3560b70ecf18f4f6b87d3226b826dbe54b0dbc4417,1,0.0,0.0
acacc3e363d9cc0eff869ac65a28ad0a93ab7aa3e1d1946ea9e3b2b91cae3bc0,2,0.0,1.0
8405c29b62ce20f20569f322273368db5a16ae76bc0f1a8dd269d5077f03109e,4,0.0,2.0
8e84632c11ab8d91dd5dcf6ed91f0a57fb0b372880251595d52609a0df1c1639,4,0.0,1.0
e8b8d2a2cb103520bcb3cc08daccef9e9120ecd2c16371ba8530878d3ebf5b20,3,0.0,1.0
4eaa5bedd2e5e7f0f51a66b67632770e44182098a1ca32bf959b0ebb12c79659,2,0.0,0.0
98b7d577c261379d893c8c2a5fa190b8ae26f0815977c68203cb1de8a1683b34,2,0.0,0.0
ebe6d1e61e3c337a705c9ae84ab9a3884069e1696811264f055f1970b4ea0060,2,1.0,0.0
5a16afd68cacdd379e605867af7765131e9dd625315474a7041be21a4a7fd429,4,0.0,1.0
95c57d68fb0232e0d979a56647b9d4c78759519b9e75b85afcf5f26a6b5bc677,6,4.0,3.0
2dfa65da918e3b56c6613cabf6a323426421bcf7e6e76fb83f84a93ad70b3a9d,1,0.0,0.0
98b2e3f9ed9fab45b7c4bc916120aa28d955273a10d874428182f4dfdb88bcfd,4,1.0,2.0
369f34bc241200e242fd9136c42d66075b2b15af996257a203c1f2e9142547ea,2,0.0,0.0
b071552ed3ffe823b910b6619f0e6392bbc714a0d70cd84d47b78ae962cda0de,3,1.0,0.0
c74a64ab3ecfc26d8e0119721342c85d762cc6d8ff390a7e11c7497e410baab3,1,0.0,0.0
b09a45d2ce2a4a746113c4af2b5121b2d053e92ec89dc001f10769840c1808a9,6,1.0,1.0
0c2f6749b33e4c8163e9505b56ad40113f7b327f159ed8dbd84e86ceb502406f,2,0.0,0.0
9de9260d25075019265b5203c5f734421a967b50179c4a2c351a570a25f44d47,2,0.0,0.0
ae55471e2637af5c79139b858ee1379c89d364e7e74fbb3ade6f688d6e7cbba4,4,0.0,0.0
5d63babd8368ad4caf263f2cd75b1f3b0b866d24c759599705327a93a0bf0edf,10,0.0,2.0
2577738a32d55e2db448b427563db6c3678982daffd3161fbf0c973dcd2688ba,2,0.0,1.0
fd8c26cbbdd9d45419b18895db6e191f6153b2d68b79bca0a93f179d816b36f9,11,0.0,4.0
1e3b3ff0ff53124ac0091af9d3bc7b1919d633fe9f23c44d5d0569ba2be05b0e,4,0.0,2.0
d02af54198475da2730cd0cb7cf6dc9c6504ebe407bac41dcfee6a63c799b4b6,2,0.0,0.0
289f5b55858c64f6777259ebcd01d541c105bacb160815466bea3544cdf15b91,6,0.0,1.0
644992f41f161e33765c8d8629991662fc2d31e494658434a23902f33c4d09e0,3,1.0,1.0
73efc04b7815a77153dc14056ac28d1ea3df65d86dbfa51306b0b5f95df3a9ff,6,0.0,0.0
30c94815a24b5a10154f9d46b07bb3d1134100e8fe436d633bae45d028852ea4,1,0.0,0.0
f5dd54ec498519713758806f4b74c1cdcbf043e33b6e8d1ce2fbf516dc8d4142,5,0.0,1.0
dff92ebaa3aa74d32936c644dd8d5eaf6e45bd9acd7d705459103ca50e17d9a6,3,0.0,2.0
3fbd082f48fed6626f9fd39beab0216ce249607c5b9205e780f95e259449b123,2,0.0,1.0
7a335e114271b56846b9541f0d2357eaa198c28b82a7ec535e99962cdba58a02,1,0.0,0.0
a255d3f59a1db9c3b44c14b54e7fbb3735e87e567cabfb77a295bedd95349370,1,0.0,0.0
47e89a033a068601bc64d65c8eb76012ce1d39713f5cb0a0b3f78d46a70f9cf0,2,0.0,0.0
44e7baf63aa8cd3a8fc825f556546df109b590abf1012df481893d3b1169425f,1,0.0,0.0
4d0c02679737e5e685a389135f3f0a7bdfe881bd1c8fc981054f033347e3d0a5,3,0.0,1.0
115fe93dddafbb1e49053dd1950c8b7e7fe91124a48c9f7398cc4af6893a93bd,2,0.0,0.0
8affa157fac331f3b3ab6f85266243eb7ecb71ad36112a4c524c57264423a51e,2,0.0,1.0
657875a2a6bf616497f80d304f9908e5240367e09fc1e9c3e4c9c4eb6749fedc,5,1.0,3.0
6495dd6c1e61a57ebf50a737f62b66aa32cbc4e0fb2fbc47b02af2b8c219d1fd,3,1.0,2.0
403f0644bbdd2853d3cea0a62920063552db0f5f5385bce153100dc619763b2e,3,1.0,1.0
5dd88714160bad9e4fdb631cb723ec08e6cd980d560654abad0f2f634dbb48dd,4,0.0,0.0
28d4d460aaa171ae440ef9a684c51172ecc8b72a0a3cbe9f39ecfd8633efc702,1,0.0,0.0
4f4612d536d45f3cd5d7adc918e472b2d39cc213b328ca3a5858cfa3dcbc3c78,3,2.0,2.0
b161754e3970aeb35db180ff113d184686b3929c94553d55d990fb33939436e4,4,0.0,0.0
6c17c275b0d29c74b374f288d704a825cbb6a9885ee47b366d183b79cc144efd,4,0.0,0.0
da1a5e49586d33f3389e4211515f9e395e7cd166e8ce637e8a56cf0935c211c9,6,0.0,3.0
cb0c75a5a9c1e363733d91914499d866f9b36f3a7849607e065a22690aa498f2,11,0.0,2.0
c10df7632e100112214b8e59ca581a5a8b3949134f18f72801128fcf1fa4491f,1,0.0,1.0
6f947692859e863ebcefcf1ac71d8e001213b3f65cedc6783d7c0753d6ad3165,11,1.0,4.0
ac23421c2dd5aaa5840a518d83d7bf971dde5baaf707d7811d2924e3b191d719,10,0.0,0.0
ddd81e2e8c2bca7ff8d9a043adf335fb1183104ff9b60c5cc4b494a52508c29f,4,0.0,2.0
392f91cff6c231385da4364331425e9f5fa20368f56c4c49b9052af76d123dfd,9,0.0,4.0
d1ca4e27ca0408db05bd8c98ca510bab5dbddf406ee0667fd66ea95d9eb31ba8,2,0.0,1.0
fec424ba4c0039600ffc975e3663acd09960350d16da1aee11c9e5f588b0faec,2,0.0,1.0
45fc23960d836ecc40e537ef66ecd3554fd43a725e1ffb42a6b7c9c550ddd553,3,0.0,0.0
23040b0b22d495e822c7bb292975d832fb5b7587b3589f01100f4ef528837243,2,0.0,1.0
12bab90ec940aaba94e86dea35060e202ba404f4e7b87de15997036a011e2fd7,3,0.0,0.0
5d1a247913048f8e92bdc0df59c78cbf38855e191466e69bf4d698c8ffeb916e,1,0.0,1.0
2fe7b2bc24220103a034a9d341469f23bbba0d58602dbc5d3c551a84aae1e967,3,0.0,0.0
3d8ec6e0a81de535e9f61a6191232b0251346cea7bd4a9bc7122a04e1a218a0d,1,0.0,0.0
74598d10608283997053d6446a2bb1055331d04cfcb630dc5b4d8934d27f8ef9,2,0.0,1.0
963f3c33d612eff18c99b35fa64b08662ba6eb139d03039de7f267f9a750405c,2,0.0,2.0
cc32607ec07654a83c8670ba8c75a922b5a7c7e72fd7fef81e781bf7c6d00edf,3,0.0,0.0
161bdbb296fceae4a4ee0d2edc2aa121c4f707bd5e616b7a74436fd1f5e9587a,11,1.0,7.0
03ef5349e78785e17637de87dd949a49ace5a8e295ce86da2b7512c879a72122,3,0.0,1.0
0928219daec2c4b00c99aa0c9b33821ca6d5f1a194a8d6054c000800b0b282fd,3,0.0,1.0
3da40bbfe898195dde83f09061e5285c56234138cf3b0049b4ef1644b909f1c9,12,3.0,3.0
59ba0e75ccc6c3239b87b891470c993be00fd1454365b81192ab5a26f7736276,3,0.0,0.0
16dc6c63a96ee5883b8467023524a50d21f08a63fac65ee1c79c577ec485a043,1,0.0,0.0
739c90aadefd96d56df64c3b073ee2d23d757e95e7773b58dcd8cf4880f012c5,4,1.0,2.0
2be525e558f56dd2173e9f36827c5fd9c4f6c767a0f16d956675e41f2e5b20ad,8,0.0,1.0
a93116bbe4ede32238fb002f36f6e400a328d4be6991244bd7e16a6e3060c495,4,0.0,0.0
e035de7faed661c1ce7654c7006bfaba670c7a29d5a92f30c604de61fd5e6154,2,1.0,1.0
f41fd3d902668b45a2d824bbce00535cdef9feb1aee8df73f8a20462994b237f,2,1.0,1.0
972c435d4ee52285128afec5451a04fc4af66afd03e1196bad9a9b4975b85ce3,10,0.0,2.0
3158078ef8418c750a2dca422ab6ddd2c3711b002bf44b2ad784ae7278f19241,5,0.0,0.0
6e1232a462f7f4b4e2963423f4716d9a085d8df4944fd5b9f0f4fb433aca3bf3,4,0.0,1.0
4d9b7c982312fae694b5fe57a1e80b3a37b2c5b00fb23376f5d409ad885faa1c,12,1.0,5.0
28d54b77886c976318976304bc7e64f62a20613f8829771db66433bb7fcb3646,3,0.0,0.0
19097427321302e4dc3a99a4ff5b84dd5caef38ff7e5d7d0554c8d4fd2d93833,4,1.0,0.0
19365732058c3295445794515c2f7d03f9acb1e05238dea4e2169e172340524c,1,0.0,0.0
55d8d397e9664cf3aa979a864f5d8995912507b7a30e9712b7cfff916992261f,1,0.0,0.0
faba360282d2e78770337276b116056bee0d3a006c26c94a79b5e098773740a7,4,0.0,0.0
8965ff4a1a8748f05c17f1e68260f72a48931d9dd4fe350e06b3c3a3c3052dc8,3,0.0,1.0
638ba6fe2fedbde17efcc099549ea8f42a59eabd9303afb051615b79af9ae536,2,0.0,1.0
db750e25f43c6b79470bbc1a87b089d5a41937a1d960ae2b9047710a0b6eccf5,4,1.0,1.0
fc31ebbfa0251234c681b0afbac1cf1e898423c02bd52fbd12cdfe6b03f96f75,4,0.0,1.0
1b5387d410bfc481a8462e5600f8ab69202dc0ed607bf9ad70dcf74d9ed1dbf0,4,0.0,1.0
4733dd2dff45d5a0b170e9ab6d2bcdd74566e43687b9c590955cda4ca9d97174,3,1.0,3.0
6fb492af9fc03578055343522420ab6aea2f27d9d6b674e826f3a3186e5a3d30,2,0.0,0.0
d9ab6e435e67387a7a7cd6a86a14de6e3d666ece2e7493e295a752c446f327b6,4,2.0,2.0
359f7f8a73456b7f13628c2905be1ff3394002173f0f3cb363c15ca283562d10,2,1.0,0.0
a00297066a87efdd7dfb7027da0704a7425618144b85e952e4f5c37e09eb71bb,2,0.0,1.0
65219fd05e8487ea92b74a864cfbb40d670ac1020826d702722585ff99a829b4,11,2.0,2.0
c6170b872d9bc1d6852dac354dce885b77336acf158ce21c54c942ab5c28bc61,2,0.0,0.0
04d180eb72534d9d3e29ed1f953e9db7a110872580656a249db9d792f7d0edc4,12,1.0,3.0
7fbea228dbbbc12f790c1371dae14a94723128193e5e38386c61ef878cb7bd96,3,0.0,1.0
45ec71b1f5c7a96430059d71e3cc18757cb1819cba66826e4b69e377f12201f8,10,0.0,2.0
712abcaffa661ec10ba5fab6ce7370fa233e4c888996a52cdcd396bd277ee455,2,1.0,0.0
c71eacd9049324fb86f7a89f99a50e98d116c17664a1137916bde85674760ce9,3,0.0,1.0
da398b3cd6a976e4dd8326e8939f4f7898a57bf0cc64ff154c0ac0bc99d75c0f,4,1.0,1.0
897b555f5767393e2f5da3bfad9deac8fb8a4af9d882ce1aff9b89234e0d513f,11,1.0,1.0
7e8bfcff7eb9a4a42d78952a895962da9d914f31dc674bb8a09db97bcd824f0d,3,0.0,0.0
a06ad464d48395f2c8e8a7892a6fc45273b5af48a6b17b6e8495987b3a0f29ed,4,1.0,2.0
c933907dab3a067ef4f596380edabf28963e9bc9f44a08954215692e81ec7909,2,1.0,1.0
540efba7e0049336052687f9903d7626329b97954ecee59576df9db8f59983b0,1,0.0,0.0
c82b18b1d8c1fb9e3f9beb50371411327404673ba0e621511a579c0a428c509c,2,0.0,0.0
fa39f41abaf6e93af189346d48f3e48dfeec9211b29475f4b0d5b76eaddb9681,5,1.0,2.0
5f34c3bf51735e41be7f221bf90e27e3e212cf59c94749098996cbfd2de9ac7b,5,0.0,3.0
1dc25efdac9d32b7cadd5cbbb0e77bad4b323b9ea4a62ed9f6298f1a4dc6714c,3,0.0,2.0
7feefd1f44387474cdc6c36184ab5984e107a2cfb5a80d8ca545b1c8f0a1ab27,4,0.0,1.0
1082d199c7d0429415241400025b996bd4af50e6e1b8cecd2a07f9c005fed707,4,0.0,1.0
01ae9c18cbc92333aaa629c84b2932be9bc213f589e4d60248bb8f96576638c0,1,0.0,1.0
804c3cc8edc8b2d5589a7ceb6a8a3a610bbea2b3d3f40f1b4bf03dfba087307c,1,0.0,0.0
6cbe405236c78b4d4d568af69ad8ddf6a2c03c1c1141e570dd3a72d19065c997,6,0.0,1.0
61854f6e2e1403aa9604ff9c202d4c365e15f39f88417e396e07312df0755c34,2,0.0,0.0
ed488d85e546c5ad8129f9f5aaf8c353bf5e6e41ed30326fbb9fcb953ed4cf88,9,1.0,1.0
a6fb2a3b7dda2f272dc19a78f5790b1fd085ad502ae8f179ce19ff03b0e39cb2,1,0.0,0.0
f0bb227db8a3967736459ad4ef6537bea7ce67895bedfc430a87d76c1cb3eef5,2,0.0,1.0
5cf66af789386bba6bb1a0ac9935ca25e9c7051babd1ef53696101e363cbe8a1,1,0.0,1.0
bd04d54d089a73ca16e5c8334ec3954ebaf8040af7cfc15d15767a5d6656c757,4,0.0,0.0
b73592b0f5d61047d92e0626095775c7cd4ffbf430979e0fc88345a7f5ea2380,4,0.0,1.0
81a2a688f9be3845c3b4fd692c94a67ea67a77cf6f22a841075796c2838b3fe6,12,0.0,2.0
499baa810ba3c4bb6a6035c1caf4d5b5325ef36c806b36575551d1310765bd96,6,0.0,1.0
f82371aedb46a34396c87ddd2918caf795182f95afed95913b1797e43454a34f,5,0.0,3.0
cb1b8b149fde4f45d13e0537be0ed46a0fce3d87b6a7f6ec14bac6a27a3de97c,2,1.0,1.0
f33380c4a5707c84a4baf1cf7ce63ec1c0d392aa761c28c12162aa2e23f1dd1b,4,0.0,1.0
1719e28a770d74dbec7aa7b92ba5cf762a5d92086218c18c2384b73a9b415438,3,0.0,0.0
7d504ad014e979a34ec265331b4907f8943de0a8c77d7c73f4426582a25c2e60,3,1.0,0.0
e1d58dfecd4dd5ebb528ad198ad353294a9b266c1fd4259eab9129ad447db4bc,1,0.0,0.0
bcbce64814f475d616e1346bd031b95eaec14878db3dacf76def8ab3d13c61b8,2,0.0,0.0
95251a1eee845cc7e4c04ec001adb538b3c174d21367060e8433e2c982badb57,2,0.0,0.0
1c397a9d8f60e9ddf111277dea613cfc917edf1add1a9a1698980fd80d9d1b73,3,0.0,0.0
a85534d87bca4aacc9ca5694fb7748e6ba8d5ece019ccde1ba06c42876e904d8,2,1.0,1.0
99995630e9a62c004c77efd83b609352ca702934b0f2609b78d49b646b05d762,4,0.0,1.0
d2d7f6539387a13d1203fd647f555e80a9f60ed66fe20a67b6a97edb8a7d7b59,7,0.0,2.0
9396166ea9d7d06b19da63cb38d9823e0f8d337c621995e4feeaa2665067a064,1,0.0,1.0
5768fd1ed70b42eb9b6fed80ce563e2dc4a582c219d8e12bdb07c86768160d8c,11,0.0,2.0
0c36a564f6137324f1bc8c30d6a8815ee09c584113909aa1a3e498d617885edb,3,0.0,0.0
8fde638f8101253aba327a4905c500a9b3033759f97be3897044d7ed7b886468,2,0.0,1.0
f4b5362f819b690670c4fb26d72e3c25b04a04c516c68c8158a0ec0ac2cc97a1,2,0.0,0.0
e89703453e2e3ab234d01bc5de0df8c9b0ec0547e6fabacc2563af7a5898c8ad,12,0.0,2.0
70c7b55885b09970fa00995e065c5c192321c41ec6cdfb9cc941e73c7c56b86f,2,0.0,0.0
c136c1b227124e38b7fa3e7319db94fcb23af70929290a0c4f6e20a26b04f824,3,0.0,2.0
b4af601eb6be621eaf88ef51ed4d54431efd472affbf73c4fd6fe845e0e45c86,2,0.0,1.0
a0d7d0c6a16d7a4d0fee43a3e149ec96dde13e82a4811ce653922d3b73559e42,4,0.0,2.0
b5225e6d80902fc0e36955e0ae81f7e5b058b05f2916eb5e21220d86b8550b6e,3,0.0,1.0
7af9871837c92fa6693bd3dbe21a692fe1344c849f341cf2a514a1af1f3ef569,1,1.0,0.0
2c7081ba7030055d6bb1c376ba2fe214b22865436bfacbdad5fc9ba51e077df1,2,0.0,0.0
953dabfa531d940886424db4bd9b2caf152ec6b47acb507a017fb2ab6793d382,3,0.0,0.0
f3a13fb5576a346ce7667b16a983c8666ac3fd1d9ec55899340cb4e79e0553a6,5,0.0,2.0
a6bc03ae92e90c1cccffe63013cd7343ab03b564b748f520e61bae56be680d1d,11,0.0,1.0
1a9ceb883b7de4e1a055ad37297d7fdd4ee65462fa6870021fd28d3510af03f2,2,0.0,1.0
a246153909cfd535f585de46a7773cd50a64618d7cfe2a3372b15e223f2a6cba,4,0.0,2.0
a16afdcc83224d783766a7aa09c1af70a8698af2f28cee5b741163e161f07fca,3,0.0,0.0
5e295f7982165444bf90dab1cfac220890e02e576d1a7315d78dad472e5234d4,5,0.0,1.0
9735ebdb51855a1daece6a6fbeb86bfe12aca36645bb0f789f0aeb7385af3994,4,0.0,0.0
408c09f9e5d2b46c2e7eb6444fc77d3082b928ae345e8b9e3a5b42a97739b74b,3,0.0,0.0
9fc2fa3db68110b1ab93267e39845bc5dbf647d8cdad009bd1259e103685b22f,1,1.0,1.0
5b448112d19f0fc7954478b795aebcc81eec212df3caba69204b6ede2b373218,6,0.0,1.0
48333484297e50e5b9d86eb63d07aed17283daa75c474aa3032f62c10ce10150,1,0.0,0.0
2c2d043d7a7d97288eafb8aab43e6898f34c6f4855a963c2ed277ba3f9f23a1a,20,0.0,3.0
7e13022af4d3ce51fc85c645d05d678cfb24bf5edea3a04a9ef9e2aa75b15d4d,4,0.0,1.0
46f87155384d105ddef41bb4200a4b4c2fc000b54a023f98af1ff84163b20c56,5,0.0,0.0
adf29f8bbb63cf5ffe324286ad5a0704abf1a6d63f0aa1443bcbefc6d0185619,3,0.0,3.0
e028f73b2919469c8b4dbe3c6dad671b0248b5fd982ef5c34685067f4c3eeeb4,2,0.0,1.0
6c1c80f4946a57e97ccb3e09ce0c63fe0b8098b40af37c70e8fe8a843d2cebb9,1,0.0,1.0
cad767f4408d1321c1551168995d8c438464e71b03924eaee218f38071191a95,1,0.0,0.0
402230e1afdbd70e38ecbb7c70d54f5cf668a912b5a1c7e35a5d925397b3a616,4,0.0,1.0
33dc332ecaee5cbf9fce3e70ffbfc351e7f4d1da725b40a62194bac0fc7cbeab,4,0.0,2.0
05670f693c647bea700a1e1d2819195b4a71cfabba97aaefc1de0b3c26bebd0b,2,0.0,0.0
276a7b7281b691280a0c21c6235cd8cddc0c6fef6c98495a81fdfd797d3c9986,5,1.0,1.0
6dec0eb6846a01a55a7fe782c1eb07e865bfe208c37364ccdb1a6c70030d745f,5,0.0,3.0
f7ad38a5f2ff42882a0c9e511e46a90ce3777fe1f451ad695f0c46536f850e91,5,0.0,0.0
f88b97d0fcf399e09f2a92a7bc7f303026b590fb378f4c66520e5bf8ddd2e72c,1,0.0,0.0
34d467527a2f7765ecb068fd8b7ed6f9aa853cb7155aa6965cd7d1a82fbf7d04,5,0.0,1.0
01d33a77ad028ec9fed2bd6b8c1c744a053279ee2c91e087a9f7c5447b8c292b,4,0.0,0.0
81a928e254591bd1902bb7791022af07f60ab61bc9fc3790a73fa354d6b50a89,2,0.0,2.0
9aaee8624c2e1b18534396a49ab2dace94d69412c590d653100ae2b87890e321,2,0.0,0.0
59c496e288b51fd1ad23c03ec9a29ba1fcb29403ef36af5f278bb09c303fea0a,2,1.0,1.0
d31036f1e947f57e811d99d20d63d4429993c3147c8652921caaba8d6df22ef4,3,0.0,1.0
bab9d726b5cd54fe35d0ce9459c2b37c39d1d749c61d4c75d9d6b57c7c922960,2,0.0,1.0
78415ec57f941d0c9d8e13effa2081574d3b855f68068bdf4f65e90e6c881334,2,1.0,0.0
2bc5afe4f9de95e371d23dfc76ae825aabf65d0ca433ac08c73490f61a049e84,2,0.0,1.0
1e73aa1bb03b5f00d61514fe4f8b7482455743270788cd3056e76d13cca60393,5,1.0,2.0
9d659753124acb7b890c15ed4c0aaf68ff65bf8cd6978320874ee9b8fce2cf22,5,0.0,2.0
72d3ac48d71fa09a1c1da99c03cb1fb63b4a9d4f0c15dfd979a43c8784a9b2d9,12,0.0,3.0
1bb10a4821fd89bcb01df3726a065b8d014f2e4f4dc7bdad0414f22a72fe484c,1,1.0,1.0
4f511bc901dcd7e1619bc9749cabf8f57cea4905a25a130a755a183cebc6c2fa,9,0.0,1.0
c9d4c50e416397b23a69b0fffe1b8a08b553ca6008436a5786bbd921122a2d05,5,0.0,2.0
d4a49e0552e329a551a4660699412d9b692315e7041318f2aa86d0704a25f6de,1,0.0,0.0
87c0999027e7f8d90b66e2252a61b7f40176c109c2298e8fd03d6c965ea626bb,3,0.0,0.0
736737b3801d0ba56a77de966dcbbac03aef826005c603d57da548c55d27e502,3,0.0,0.0
4d9863955ce8e9421f599851fd79d4f071308147ff8123cdbf0814fe2693c01e,8,0.0,2.0
7a22f215b704642f6cc28b8435b2662b1841803c4f6799ae37a0f6c987b2f7d0,5,0.0,1.0
529971c70b506c32f89c7f8a6ed24ae1ce1b621abe273ecebe040017d2cbf28a,3,0.0,0.0
8ccffb6524ed0141dcc5f5f30b0bb9c3c442b92f82767523c7386a52b5e2b6e6,3,0.0,0.0
9185c6a03e8af3b60743ad221b768a8cd3c3adff5afb5ce49dd7b3581021ff13,9,1.0,3.0
ee5f2841a35030f2bca0a72e13855176760c2924b0ac79d0b35559246539184f,2,0.0,0.0
d814c90f1c9f84d84602d1a4f6cf5cd09cbe665884212351953a9a824e32d7ce,2,2.0,0.0
737a4243e4ad33776da3766b5ae43faa3098ee514d116b308a482c3a5c3029da,3,0.0,1.0
0abb1511015aaed0dfc0ea0e47e74e1e620db088e6c0c3cc286fa3e34b3535da,3,0.0,0.0
47c365d2d91809ebc9b71d3f6a991d0c45c5cf5f03505ac4bd578590960ed390,4,1.0,1.0
f12f12ed546afd0af3ad15ebfd41aa29cdd67f222683826b1868768ba11f8ce2,5,0.0,1.0
26400df7bd7b766c94b90caf248b37dbdc44ce18f96ef3bc60f3b39f6be67062,4,0.0,1.0
738080c8d1a9d6cb80892deb2cd15a0099da34e6aeb62ea324dc499896d1a54e,3,0.0,2.0
352d804772719e3cf8d84e23246d6e6b80ae115fe73b5f4901bc929a2b003c4e,1,0.0,0.0
ad51a68b5d244fa54c7520c0e62625ca5db00a0de244b8859b39b8dafaeea071,6,0.0,1.0
da2ed791ae9a18b22abfe4467cb2299d21be98ad17cc416d8a467e52adb452f1,1,0.0,0.0
dc823c7d3054a87e95df924ae35c8fbd3295a8cf13b13f853394ac0f2f8bf240,6,1.0,0.0
a3cb3c047b802fbd0b75ad4141218196893e4acfbc351335952717ad7ec2f2c9,6,1.0,1.0
35b18abd239fef354b91b4882a459df2f9087c73c0379c491852d1643fe3f967,6,1.0,4.0
a5a40688a0b57f320ac191619ae1851c2edc2a00ec3f289ff69cbb9c62639362,3,0.0,0.0
a6e68987a8a7ca6bac92bf28537d329b15020daf267c2111da6ae272fcabdee9,1,0.0,0.0
49ad699863ee09349696ff402702947d6f642bcf35b35cbc15f25a8b9f89d098,1,0.0,0.0
17a54b236d4aa3bc7c85b6f17ee5cf15814e698000d2825304e906f6d5e3c13a,2,0.0,0.0
3c39e5726aac4d62b2036a25fa0765ef83cb8b3c5080f67ff3a309d625a4ddef,3,1.0,1.0
f45bf581da14742d3cb766cb8a0d932cc8069216c4aebdd8969389fc2eb7d7c3,1,0.0,0.0
bbd73b5490171ac70d619ba60ddae102c7e9190cc4775dfedb842b68342df41a,1,0.0,0.0
f373bf607adcfa30c82cebc80363b507e06baafea208e092fc99c61f927c2aec,5,0.0,0.0
a1788616eab1042b7b23d84f92b9a30e9785ca9ca0fdedf753c2baebb3ad1556,3,0.0,1.0
f0f8babec75f330facd3ea36a88cbd07bf2fa6d7df8e079697b2568af9cb755e,2,0.0,0.0
62bea7b2d65a68c133062b3c9146a0d3c427b21a829de5e17bd11a6621ed6b3a,2,0.0,0.0
9534b39e2a35d5015a82ec44c2b75b99ec2ee2b42d54b23929679dd9ceefc253,1,0.0,1.0
3605ccc398c48e734ac2ef3b48e4856d6eb156c180249aa22acd8dfc6b06823f,4,1.0,3.0
799ad216265934a8288d1288f304c33535942c221d33d75e208f19029d09f497,3,0.0,1.0
05887935f5716ac51c5e6d77a5fbda732d706ef91dc4c8b32ae582528de9f4c6,11,3.0,5.0
620ea03168ab671f5aa82c954bc0c75df2d32274cce16641579eeb3d93f3d8a0,1,0.0,0.0
dedc145940c0847d93f44e55438c435d98b38da2c59d2ce30739ec4141000b0c,2,0.0,0.0
920876f93cdf0615f1c73c8fe3678cfcad2fa851925d88024f85dc60030de7eb,1,1.0,0.0
882984323ffc188fcc533f9a85a347a78a52c624c200d6d59d014d071fc286db,4,0.0,2.0
3e5721015bb89d9c52e5a933aa691d2048899ec26011e8cace31e433f502b8dc,2,0.0,1.0
e69fa471795ba5c65cc586cff21b092cf62e4d1870a76acd1f04ad3e292836d5,2,0.0,1.0
92fb24855d1b02dfc1d706ec3e19331bd7d541817002220462ce6901e16cf8bd,3,0.0,1.0
397b1448d9ffc4d7703ce9bacaa791fe8e992da46e11194e567fb8ce3c5368ba,4,0.0,2.0
f683ee1de104d60cb81ef3f3eb34a803e89e36c9c48856f36019578b79d814e2,1,0.0,0.0
a0f748b71d965045c5d6ae5a28f6f985c8811cb63b8bc1fefea1584fab20af7d,1,0.0,0.0
4c53ae3d1cbce0feb2b691e89fe109d4536aa00b0a389c52496d083175647f1b,5,0.0,1.0
b5c54612e36210dbedcfc18bd8ab59cef551bac057d1704ab449539c363cf1a5,3,0.0,1.0
957858d4ecce80bbd464dfde718155e79e3bcbea4ef98761b808f733ee2d2c8d,3,0.0,1.0
2243701b58f4008ccceefb7ce60bab91da0f56ec74ef1ca59ef47893e94c3834,2,0.0,1.0
ab4f04e4fffae8749eec372652b0fda9340dbf4dd1f9670cc65c4a198b87ecaa,2,0.0,0.0
f7b9aba41dc023c9e0082af535090d30910ed9995f45491582cdf4514d0b01b3,5,1.0,2.0
8a836e3b33991d12c6e4d3d4495fa6f8b7d43c89e390e75805a72c4b45184c33,3,0.0,0.0
9605f0b64aef93cd28643d25df7fcf553650cd3d580f20edb1d1afe7f71ecba2,4,1.0,1.0
6bf4d1bdb5283eb5437ec9d0034557628452989ae53c082a7185bd7bc0e137c3,10,2.0,5.0
8cd6833f2bcc20066a8d5760ffba0719dc7c55f3f2e49415276c83212426cda5,3,0.0,0.0
81b461b99fe3d14f9d8726805b92aa11aab0aa0bd3ef0423d0ba98bec6a22111,1,0.0,0.0
2e643fb415fdbb6132c763d3d4cd06d5196f1482f814845c0d33f45b396448b0,3,0.0,1.0
38413c12fefab1061f70ddd3990d2b89efe77166d0113dd79fc3315f46bce0a3,3,1.0,1.0
d87566a8001990f147674207665fef33f12c74d18092d3028e93676bd0730043,1,1.0,1.0
a9e7a240a5e7e5ca4b6c06e1698bc679b8028d1eed6c0d338983c54403c77424,1,0.0,0.0
5cc4a5d2c7047dc6787fe689716dd3b8fe5f08673d0497f6232cd13816fc5859,1,0.0,1.0
a0344b22f313e56c9f6e2c55de302ac278a9639709ac1b93cb5b280c95e70d51,3,0.0,1.0
64c02269aa30e040abd885ca94abcc2f7ba9ab9893643b13483fa92956c58cb2,2,0.0,0.0
a62972e6632b485c557a28f6a5106458f4abce42ea894d524b1f76a3b00c05ac,4,2.0,1.0
aafd1fb554e3f7c52b736c7a2cc6cac09afcc19ec86b83e31d005a9d75e903e1,3,0.0,1.0
c961ab557ef7090ad1088cbe372f9c496e67eef2c6ae7f4a8a7bdce2ccc4d289,1,0.0,0.0
954dbb735930e6c48ee2a126aa12801bd8b6ac671deee20bd302cc9bc2d35ab0,2,0.0,0.0
0631ab5abc8601433a915acf7134e683551aed9b1a882df07740e2365272729c,5,0.0,0.0
fc8d1df0e16ba8c1384f5789327515c330c2eb5a4b61ce7f5502f55c767a6be7,12,1.0,2.0
39f8bb7b192c97e21995e3379c91d815fd10493b9d5b108ea91c0c01c278f616,2,0.0,0.0
9fb484f3d709f2804abc6c9cc3770f46d96bcd9c17474b17260dfe68ea8ace56,3,0.0,2.0
c749167bcf3ace0d86aea3c7d5081227ed2103759d90f8716b9f16344df7d32e,5,0.0,2.0
f2605338a4dfe41ad466e893e63e75fd7038380a4693dda4f4f41a1f9e3b0a8f,4,0.0,0.0
43e7002753982e27c145ce7e72cce4e5cc9a76d25f44cedbf98bc0d4f899e849,4,1.0,2.0
a68770822eb5338d35435163f08df4fb4274b67ccc58de0c5f04c9282930aaa3,3,0.0,1.0
ce3d7a0d665be4d42b98a27b2c404a9bb6913590a3354d231364b39462584dc7,2,1.0,1.0
2ab87f71954b0831beceb7f9752b49da27030fcc206f52297e1fcce596a3f038,4,0.0,0.0
0bdabd9bfbe58194763cf0ebcff2b0e8c0694155242e33a45bbaeabfbd96f76c,1,0.0,0.0
fe3e7d45d4a7f8d6d625befe116f7b143bfd197e2d18b7556d3f623f1eeb1c06,1,0.0,0.0
cc7cd976cffe9ebb7913260f7021188b7134aba1d3f08abaedf2e7ea67d46517,2,0.0,2.0
6904ba91526ccb93305ac2cfe72a0d9ab54827e7ebbe17f6e5c4c98610ec4ac4,6,0.0,3.0
92b374570c9a852561b88c32be4fe69ce7c540f42f5536b5df6e01da346890b9,3,1.0,1.0
abe410e0a3a22f4027583bbcde202c1c07e27c333fc95afba21b88c745000ad1,4,0.0,1.0
7cf566cc4ac642e2cb3da806da37e4d0613af8f4a9245e8372ca8830d2f71aa6,2,2.0,2.0
402bdfb357bef89d6a9510fcc70736c1d243f18696098e3d95a3d559a8b06dde,4,1.0,2.0
baf8a2cde3dad9acc36e5223fdde1b773e948140ae4d35ed49ca993e8c337d9a,2,1.0,1.0
07476591d4f0a5da9ad0c01755a5b603634820aa65914ddeddf98b22f2c4033d,4,1.0,1.0
64205640356ff56b54235b5dd070c9fc545abf04a97da8f81c3170142da43e5d,2,0.0,1.0
825ead26b7d124cea9fbd2ee547461675dfe64b0aa4a22336913473ac79b6058,2,0.0,0.0
a0b64523d2f38b52bb8d66b87ca31993a7367c22c640e5ab0b048383bce08c07,1,0.0,0.0
3d72f089bd8d752eb28d62a8720d97d699f5da7fd5030f554499bbd6916b1a31,7,0.0,1.0
f5b22fc9363616fe406ee3ceb36b8577727d587dbbbe8234e619540f417b00c3,12,0.0,4.0
b93fc08f28f7801b3102e797067b58aff872efb62c9f2f0c221381b56c591913,6,0.0,1.0
4852d80559682f3a60129703894ac30c0e99ae22492db0ef93f626afc7b2a6ae,2,0.0,0.0
3242a73dffa8809b54200097a984cfe4953b0449aa7fc76d739091a83f933c52,1,0.0,0.0
bfafdb2ec0ccc08b43c9f5f092f602edf59275dabc421d62eb059729ad2a95b0,5,1.0,0.0
51259cf63deaabfd1efa5725be3d241600fd95e5c004da0981f158f9770bca8d,2,1.0,1.0
e512f9c0373bb4be77cf41a74d60f95491766a7437c91b49deb0642c33c34102,4,0.0,1.0
89bb7021fda1b7232bf5e31e17d13627f7c14c6f6d6f1775f8dbd8e7a2b6002e,2,0.0,1.0
ee5565eeb359eef711410677e4c7ce11381e72590f795d8333d9822b37744671,1,0.0,0.0
c850e6a9dbba982b478f2037855de532474731fc499a08cee1a1502c363598b4,1,0.0,1.0
880406bdd5d9bd396d8c2d8bf76e16ffea92b0561da9dfb8cbf91e2184ef6121,2,0.0,0.0
5d6a9712ed1c740c7c20249849731e10aaa601d0d894af93cacbac951b74fd1e,3,0.0,0.0
2981f4e12cf0256d92fd2f24166a8401e7ca92620767902e3e720bbeee2df04f,3,0.0,1.0
bd11e3c0913125e6e4a07692cbec245f4728c58fb74cb7807bd75c180adc8648,2,0.0,0.0
f96b2479e7126a7cf3c28422b539422cd108cb8d40a6a722ebc5df87253a975a,5,1.0,1.0
ab60f8089c7e9c91a39ce168a73db6d115329aa15844326195fcf1fdd077520d,3,0.0,1.0
304aee53f93a09786c0f5b26c49d5adc80d4224e3ff6955a9638b2e6a88684f9,1,0.0,0.0
49427a6b44f63736dd1daee18e5dfe795d4ec47e62caceb4eb6a8a5b00561ae9,1,0.0,0.0
04eabf97f094774f2a246857a25e00def1e0b5e4b89757e4177afa6c1c5db78a,2,1.0,1.0
ae66b7b45c4b797178debbd786cbb7316db8aaa705d53371e3c2bb5ec8cbbb3c,3,0.0,0.0
73a9f1af025b3d882437567b1df08654e3ff492b46c50598fc321800a70b1682,3,1.0,2.0
33bb72f8ff49806c6c4cf45f28cf287c9a468deca2a6a359765fb4b87a6b799b,4,0.0,0.0
04852128b48e71eea3cc814cacd8d56aa9d309e1272c593aee28ee9e48d1a309,6,3.0,2.0
8b955eec1d79de557d4c606faf04682445842cda0baa6d28ba3e56feac802e28,11,2.0,3.0
b3664e40465f2323028054ba2f0c6ec4109788dee23d5d07b52db28b0dd75671,2,1.0,0.0
5874e425d8431c9a1da8df28c8c5b99d8991c348cb101a9a67b641f9f979fe29,9,0.0,2.0
8fdd57232830d40d01fcb1662130c890477b05a1c4e5dcc7314f6e295f0ef20e,1,1.0,0.0
9878eaa864b038461601f88f5ecfd79fe1c4b3cbf29b8611378e9fc22b5dc9b6,5,0.0,0.0
293a49f0ff339c323641d685fb0412c314845c7143524e0aac84dfcddc7701b6,3,1.0,1.0
b3afb0be24907d1c296f6180131094981068c37115f7f5f5b0bafcecd9b4d76f,4,0.0,1.0
0eceac16397bb614361a8a96f2fc5c01aaaba1d23149032e4846761f7df1dbcb,10,0.0,3.0
5d5249c4066bea266c12767adc6c11df8eb70b3cce4072af01f1353dfa9db2c9,1,0.0,0.0
0753232fb47d384e564676495d3c5603d5ea5c543add352a87031b866284d33b,2,0.0,1.0
642d7772644eaafb2bf9966b169e2be3c6cc2768abfda5e91db3fa76fbc068b2,4,1.0,2.0
561f872c7bac5e2c2d9a9561f66df50126fa69838c350b9402f423fdf87a434f,3,0.0,1.0
1ab858b84b0bd7ddbf3454b5acb8a842b28d3d93a8e5564b5ec29e0476c528f5,2,0.0,1.0
0d12d61699660aa86cad94708e4e1f19a9753339f9e6c8a555aae278780eb4be,3,0.0,1.0
7d40896112c20f23847eccfaf0eb2cdef52feccd546643b6e4d276a7f7689264,3,0.0,0.0
494d7b664f655e6b1e95655f0954cf71bee42d20a09083818200a8cf34690eac,5,0.0,1.0
9b1fae5dd4fbb3f21a3c1b12ba0d0a57b7a3fdc0cddc97c82301c97e22d7c0d4,2,0.0,1.0
8b967ac37017baee3fddc20ac12ddce9066e6e80b344ff7d71d191b5a484b9e8,2,1.0,1.0
5a534e353064449dc3352bd53a57865c0bfb5665553cbc47f428676b15626f33,2,0.0,0.0
1875e5e0cde6d1a7342776230c319686d1a24adbc0a9b3c377301954a3cbe331,2,0.0,0.0
8f497b12a3427a9a8fd47c5ac9a0ec7e554ff80d4dc73a8d54e6480d3beaf344,2,0.0,0.0
bf4b337100fa7896b25a650da95e4568e93d5f0533648cdf01850ff749667fee,5,0.0,1.0
0d9e7f9112439b2e634d3517f96f0cb07cfb637b232594993aeee8757f2c82dc,4,0.0,1.0
a61d7cc9587a55ba5f713e8876688897d9a4834f762c689481822769c22d5b1e,3,0.0,2.0
ca399bc227f162388e331fc8f4f5b6436e2ad7289efb7621fd46b6f24ab7ea4a,4,0.0,0.0
05d271d64768d538746ef4d8b68e48d45b51ca2131cba4f82eda5e738824d78d,5,1.0,2.0
9a371d6fdf3e912eac54de33bcec0cd34d7f7c93ef03103b10ebfe6c3f80cced,1,0.0,1.0
12de4c97e66270f81b8da68572d3c38f16486cce20ad2a3f5c551488493f3406,2,0.0,1.0
bff414b4ae481efd6ac695d4b2ef1e7bac18348f5e16a6060828774ec04001eb,3,0.0,0.0
9ab78f81d31e17bcb373960f4b5f35e2442e875b7b5cfd88d7c908afe749e75a,1,0.0,0.0
54ec3795d04dc0dc35f9d64f48a142b6e83346ee4f89e8553fef648e9293196d,2,1.0,0.0
07a677d4eb3f757442f7e2292dc0d6398c0318017ea4629937f9b9bbf337720b,3,0.0,1.0
dc76e4e576e36dc0cc85fbcc4649576c1e307b3d4c862265c02b0c480c0a1e28,3,0.0,1.0
8c11815812fe2d885f671d8cafed468ba85cbb8bffee2d4f6fbbaa2dfaac054a,2,0.0,1.0
41772389eed3adfb7c971fa413282f28158a2c0baadc5e87d50b3bcd6d0c8be6,1,0.0,0.0
19da9091fd6ae9e9c4e677de534ffaab9a5af0f2d80524de76628f54020c807e,10,0.0,2.0
49192ba16f86cdf09f36a7c17c40f398c9e7ec30c238d13638b6c9ed1d5d1a03,4,1.0,0.0
d80886ae347da8831d7379ce8a2bc42ef25840895c572f3b2d06ca30cb2df15c,2,0.0,1.0
763afedbfabdb3657a63840f530eecaa6411330c8f2ed6197594cf7fd70ec158,9,1.0,2.0
c5c7c30779ebb7504c417da0e681f822236b565ad30f37e9fc1e08f4487ac85a,2,0.0,0.0
f8e5122d4d7d4ad64c79924fd7b0c389e2b7d42cf209c8f7bd016dd345dd2a21,2,0.0,2.0
c3a76368f638191a149cb78dfbbce7dcf43b06e18bae77d65a09c301793e7630,1,0.0,0.0
6919cba0d8e570fefe30399b8290257649a7c64885354c4b96f0db67cab6e7e7,11,2.0,3.0
f8ada790d5e77bf31fe0448f9b351452aa33eab9420d71aa1baa20c1aaa7b17a,1,0.0,0.0
bb73d376e0aa0a92bd23903e4d6c0b3fa80927b916074c75f0cc9e2fc648d060,3,0.0,2.0
0f48e38624392e280bedb4b317edfcefcd52d97820cc46056387acbbada329a7,2,0.0,0.0
9a1a9d739fb7a014304bfd3f86a437aff96b998e8dfa1086b64760143ad5b475,3,0.0,1.0
2f65ae6acdd37f8945c37b72874340fc0d86011dc967b178268d6ec98e6ace80,6,0.0,4.0
787e339b94ecd0b59cc93f24cb0515cd208ba70d050cbd619280f8657ce83696,4,0.0,1.0
8872d38435907ecc009ed84818e004f32d9e1e0a4439eda0f93a8f6a4fadf1cf,1,0.0,0.0
4d7ee27bc5a61e7f0052e17d7df686d9aa35c1a2708c12870161e42a97609bdb,10,1.0,3.0
aaf2e0c2f7be66c3b361d734a9448322f2b43080a8fa67d799bd19a52001a605,4,1.0,1.0
c6a526745b22ad2d6c0a09f76f3d5fea3ec3750d77ec620036793459203d69d6,2,0.0,1.0
23d9e82a7dbe733be5e0347e22bf9574063eb883592ea3b49284808cbae0b0ae,3,0.0,2.0
dba689618a115b7fdfc62e9065a2f82354f3933127eaf34624c5349f0f9d25c3,1,1.0,1.0
30f54c11505c7971fd1e56b355352e5b168439679eac0ecd9e6426175f22d814,1,0.0,0.0
aaacebe85fc7c332ebde471446237150833a321ec1af4316ed1ae2ae0a44e60b,3,1.0,1.0
8ca895a25ad92246b2a780f28b1401f10c66027a498fa7c4f2b45e1ac4190366,3,0.0,1.0
f1515b892433b6aac4ac61094b3e785afd0d1f3be2b5fb1a00511f02ab169524,1,0.0,0.0
3bc9d222f65db87570815a1fdcdcc07196047a37674b35beea440ad29d7e811c,3,1.0,1.0
4584f1cc68d5cfbf8ee2c336bdfd7607a8763da77348d37c774bb4855bd7bb54,3,0.0,2.0
63d09d680b06624a54df0f1bc04657c5d0b470b652fb80f82892ee9e4e1ccb45,2,0.0,1.0
e9180e08761b248ac34d4a9b78b83126f6588b2ad9d09134afbaad9080b5b74a,2,0.0,0.0
13447c060324035643c2f86a952e3c2c9bc072c5a4906185a56e00964dbdd4ae,4,0.0,1.0
7d3210277210dad70b0fc8eedd23365c44972987ebe3a3a8d5e56fb846e92298,4,0.0,1.0
71e318c21bb253a814dc661007378ea838ac935a56880c3ee1365c9e803be4ec,11,0.0,2.0
8ccd716c210d54b3313ea0608ef377dbdab4e28cd36251055dafb5119960a6e3,2,0.0,0.0
0f8554036bd079d633555c6c4dbecc31f26c867ada24f9622c202ce831c545f7,1,0.0,1.0
f88a24e7790c5af627a373ed8636bc0484dd9f0fcd78d4edee5d5543a0d9901b,1,0.0,0.0
c043fc4dcf32a024c9800d69ada80d6f0d1558137b15a798d917ec3aa7d2f065,3,0.0,2.0
222262afde7bce7c2830b104f1e7872b2b80d6bdb72bcc816a454e0904537212,5,0.0,0.0
7e61a5cc2278cd1b38c92e420cfe48c96bb987dd9610261702ed2497f561c22d,12,0.0,3.0
0e8a8f87879ad0c0b0160cd126e44b12318f2dc7c258082570e8891d1e46581f,3,1.0,0.0
0a223b43492225206b4e0d6c005bf3d3356fad30de11c4365a59adf34d95569c,2,1.0,2.0
13c8ec4cea5835a5f02f43ef387763f97ac2791031120f4b6fdeda6eb6fc393f,2,0.0,1.0
fe1cb70a782b2568ec3db4ea6e06f26692101b4979283c94e021f9eb458bada9,1,0.0,0.0
b8e42f83ddd09333afd20e5011ac9402ad9d9ef989a1e63c68958b5e2a12c1c4,4,1.0,0.0
b4ee299d6f93d2c7b674ff42da88f0203be4e1acb26a7cc63a5622c9707cddfc,4,0.0,2.0
97235beda66f0c1a7a039d7302a824e6ccc3a1c4c940bc5448afcc0a2f429f94,1,0.0,0.0
34e8b0be24a7099def1ed8c1595d20e222008944b4477135c394d8dd92abf172,3,2.0,0.0
adf2597d40872aa1a871c6d956154a5bce96416c85b20d539088e252b8e146c5,1,0.0,0.0
50119bda49548b6177995289a2ce8762dc090eb5883f08c15f346a99dba7c93e,4,0.0,2.0
708a606156f4f8d2d7afe0be7c2c98f6d5c7ae7fa9faf96f309f8250a18f9480,4,0.0,0.0
34c43b73138b5481578a7e37f47037d28830c0d043ce4311112c6afd5258037e,2,0.0,0.0
8621f07d1bbf3539e3597dc819b4fe42c7fe9facab4d03d9ce0d1873d6efd829,12,0.0,7.0
d99509792492415b265d568a6ecc8f483e12cee70d767360ae0a2d41d5ed201b,4,1.0,1.0
8b696f806ef5a6032fd7b9d19bc666f01bcae1fdf47c03057150a03994038dfe,3,0.0,2.0
1affeb467c2dc715c4991e14343159fb08602e9483a1990cd5d315af857e631e,1,0.0,0.0
de6cc2137c878f1bd74b83a3a0d239028156cf7a6230d61f6819cf7426f703d8,11,2.0,3.0
f6e83ab2eb281834598bbe67ac04e601ac04b4cd2fdb0e9aac0ae8b74b0690ec,6,0.0,1.0
5b962c558fe24b098c15a4e61ad76aa2b47bb094777e1ebf7f6e57bcefbd5552,2,0.0,1.0
ee5e803cadc10e0cc30669a01f67556cb4e4dac1938586d360dc09f3b17695a2,1,0.0,0.0
a93f2fdf59e05d21271851fe6bf5528179882d125ca255f15e9f55548d85f55c,1,1.0,1.0
0f4cea970c4258a293c58c4d11d8f512ce906c44cd7a287e16532ece104b1543,1,0.0,1.0
2f4994836a5efbbc67765204fa8cffacdfbdcffedbbe84b6b7c630ffc407d63e,3,0.0,1.0
cf1ad4b616e292aa1ff4168a10024e864ad0f58780b16150e2984d12b19df3ed,4,0.0,1.0
e367dc882bc8b1f1f1d750535868edcb09305315a2ef367fc8298918d404036b,3,0.0,0.0
98bba9def98d03374868cf9d7785ea82049b81b3291327fac7e53d4290d2912c,10,0.0,1.0
cf59374af5a2101586694ad577fcf91ab46f087ce13bc239a10690f3f9dd0403,1,0.0,0.0
5dcf77a998941a675d9170761f55487b3e0cd69d470f5f50d259697795bce59e,4,0.0,0.0
776f20035104b4e84368b2478d46113d24c137295e8ab291bd2913f0ff8dd821,9,0.0,2.0
1d53f93b8b8af60508cdff5df4e0363c5f8b9b3581a570858567f13907b09a91,3,0.0,2.0
611e7720df31e9cfd1f2ad911ddd3c24a3ec7865d4cba04006174f812350630d,4,0.0,2.0
40413ccd90a554182eebd6480d547565ff5f807df97380e57bdd2b635bb44560,1,0.0,0.0
30018e105ee2154c1acdb12a3089b46181a54d1ab9f4f15f965f2390123c1faa,3,0.0,3.0
17a84dbaf2384b7fe98c2a249cebf0b50b271d3c8ebe92ab899b140d5aa2f454,1,0.0,1.0
1b244b4f944275c9ec55a916e5ec5d62186598d94fc7ec2c22ac2f144a2dbe44,11,0.0,2.0
34ba59a689b6f55d26e9f02abf189a0e2e6f2c056616debdc771d05b0aebbf69,1,0.0,1.0
d9b9881a34da48298c261d2d9d72349e345f032f4428ad8101a3edb739a552b8,2,0.0,0.0
8e5a921b152f776a28b2dc74765c74e02097f43d6db42a2693b8c735b4242a05,5,1.0,1.0
c8673148d07db87beebceb79e69e19f54ce47bb46d7aedf5f147af5532ef333a,1,0.0,0.0
c3bd65e8ff4a09f00efb9af93e6d2de1a7a45d6a355fc0bd9385c79fd9a9f809,2,0.0,1.0
0c01d0798c245bf60e75a9d08b55cff8a778029d92493f06baf994e201869ad6,10,0.0,3.0
4a7ba3334a6bf1ac06ad57dd09b29a5989f064084d1a1ed0e0b2225c079d068b,4,1.0,2.0
ceb8140b19dfb9716656e624da4be5ce1adcb0df38069f978c7c3d948e8b4542,2,0.0,1.0
852173679033c5aec2002a7700d40727364e47f2150bd15f6954e920d0aeb945,11,0.0,5.0
4c9c625714ce67025d32e4ca089cb633a82616839ef4ffd052b52ee666e01628,6,0.0,0.0
6f8a391c5de1ca0d9582c01317f0b835a0b7c1c14ae30dda3f86ddbe6d3b3498,1,0.0,0.0
6a4bf92e4af46caf0bf831595d4fa70218e3d125d1e5bb3c96ceaf1f91282a3c,2,1.0,1.0
861e25ac92a82b90b10710a16ef8ed2a65e5db4f716c9ddfb9fef8cffcd01929,6,1.0,2.0
bc7dfca698ad28abc4ff9b078a7628895fcd709d583096f2651d501fe3286af7,2,0.0,1.0
918e1b48cd5214f978d68938741de3e23a46018e80121b6b9ab55123eb54899d,1,0.0,0.0
f0dbcc743b792b922dc7df6acdc45c7b4b80a5a823028d02a832584579997937,5,1.0,1.0
9f085f0add9b22fdfe2e963197081bcdd614cf912abf1217d1da00e924d6fd1a,1,0.0,0.0
ffbee99c3b25a75506cb513808d5bff599573fed66af1d578531c1e87d7a02ed,5,0.0,0.0
fadb8cc6114cf4dc8c50e30ca4c3acfefe9ca6512c66fda004dc3c7ab686138c,4,1.0,1.0
b669b7bb0812e4c1c5ca949c266ed51b5e8ff78379026cee6cb419aae893ccc4,2,0.0,1.0
4548529539954c385885a151f0ffa7e6ae65f4e46a7dbe10e54c13d0db26e8f8,2,0.0,0.0
8be5c2fd86865141c1bb2a395ee177823173d69b8e2dc12f49b7736eff205591,4,1.0,1.0
01a9d0d5cccbf39bfaa5d74a700bbb5abbef45ef1a44fed1e7d6d3c73a45e6eb,5,0.0,1.0
0e809d5be77e910761020e01130d2b0770440fd805e5c8de9624d80557a58a13,4,0.0,2.0
c8bccc495d65c359f63c111a511818e6fb1ee492807871ff24d6099ae314d124,2,0.0,1.0
927ad5f32c99ad210df10e231745931fbec505efffb49f40eeba1b4caa7ce880,4,0.0,1.0
2fed90223a7601a93a1cb4fcc66d76a8e9ca2f0919d9442de3c40bb678cb300d,3,0.0,2.0
d50b11e690740acdc281387041f72ea04fd5818ac19d160d19ab70a3b6d58fcf,5,2.0,2.0
87fdd67761e8fde7201a4d1037472f14a570a97d4149a221d2cf3d0118e8789c,10,0.0,1.0
56e69ba28b4583daf727e4b8f02d2d7c24859f8f2cf34ee91375f57c050e5345,2,0.0,1.0
e5e104cc5ff863e6216fb443251f7ba420cbc6a86212f7df488bcf76991d5e26,1,0.0,0.0
927e897a2e956c1f3aafc770d568d8701203a611fbaf2121841ed0182ca8484f,3,0.0,1.0
6f1b0c7519f638baaaf8868af58fbcf95cf73f3b02dd8e5d181ef30c8b42c5d9,5,0.0,2.0
151983de2a78e70c0f466899c91c32c6c6f21897f0c502af67b43ada4e262e60,2,0.0,1.0
ee76ce69e5c523fc376657e06acf84a8bcc92afbba77508329c4042045de9d5e,2,0.0,0.0
c6b1e58c957bdd748ecaa394b551b9f0e356fdea7b9a4f42ce655eca2264ca5c,3,0.0,1.0
11bd81d2f7a1f39601ca3d2b9479df08069537ce4638257fb1e320b9622fa0cb,4,0.0,1.0
ab4321fe1de1010311ec6b01d85f8b63137e42dec63a12f8491579f2bcbc6458,2,0.0,0.0
180b90a2f906f5b5f9b6f6aacfec96b66c252310c6907547cb44882472e59d5f,7,0.0,1.0
0482674d9c466518f57ca4952181855a083e83b2de8172e61e94b221b9d1a976,2,0.0,0.0
d0062deb6d5c6d83e984d19994d0b6fa3f29f52cc2304e479aa1c070d2ac2ea3,3,0.0,1.0
6c2c40fffd532e1e1fbb2b630ebc4c966974e0a33a8b68289c0f809a3fc3e746,9,0.0,4.0
11d742cb5e9fc68b99f5c4eef3554fa07516530ff6798cbf0b071e3589100a8b,3,0.0,2.0
26993235fe1758300d89ac6933eaf92c89228eadf6a58d48e16f711fddfc9d2a,2,0.0,0.0
e89b708da4cb3c4df5deaa0b270d1e42569191c5a1a5e8838ddeffe2b4d853b3,1,0.0,0.0
84dce5060d6ba53b6472823d4139e597e3f05cd39acc273febaf52365e95d44f,12,1.0,3.0
cdafa3352d08fa4cdc1a30564416a97d5010ebe8baa0cd7c2fd9433e726b6979,1,0.0,0.0
1c4cfc592c5153e311ef60e2ad1796d35d45dbf330a59c7176e0fccc28be4c40,3,0.0,1.0
0b64f5d759a7409bbda278d384ba22fec380ae3d9a70536c1e3b98279c203365,4,0.0,0.0
6876f32deec2a73a1175838a8b536681414305c5eacd549d75623dace6557102,4,0.0,0.0
da9415139f9b169950ff3b30153a57d06d4d621f752df0e723f6f99e83414317,5,0.0,1.0
25a29703ba2e8970d67b8bd8b35ada384fc373830b05cf6c8694b75f84406afe,4,0.0,0.0
afe9fb06484de75d6d6f19f2e24a769856b6aa6f985605da0c42948d9bbdfc79,4,0.0,1.0
a390dca635f171c4fe078f6463380512d3bb644c8691a8bd47987566a9618bdc,4,0.0,1.0
fd61246a802f05bfed65b716ad2d10ae8bcdbe8685c60b377250e265675f7971,3,0.0,2.0
666b1564d84c9400dcdf8e032c0981a4d7dc07f4d1462e0c25eef9fafb1d2b47,2,0.0,1.0
f9cb49ca43d81565c43e2015523fb8bee03cdd83ed341f09cb8060be963e2e62,5,0.0,2.0
4c99257b47d2361b9cedee1315e2455b1307e7d054537c23e25bbc61b7384e03,3,0.0,1.0
7b0bef5f857300169ad140e93ebe519bb8ce275f4dfe9683c25d9935d74aebfd,12,2.0,3.0
14495edfeffb270c3d251ab0111111bfead1464ecbdc1478849c188b996f18d7,4,0.0,1.0
fd82becba64a23a13e68c62a01e1bc3eab92101f2549ea506cb8e9c1916977bf,2,0.0,1.0
e5a346988c83c7e33054fa491de090f0f0d231c145acd6b48b4689da2b09eaa6,2,0.0,0.0
7d5d6d10a0788e19dee35e7d0129376bf57f0053094accd366a9e69fccb37e9d,2,0.0,0.0
dbe346c54de0dec257d45ec7545a7c2695dffc740c143ec94c2f8042e479bf98,3,0.0,1.0
13aafbbe54f5c9f0b7dcdb17af2975b1dc9294d19d8cb5fa3196ceebeb6df3d2,5,0.0,3.0
5cb6885104f628cc8049705ca409fead07e5a930ce09821bc09b7ae5426447fe,3,0.0,0.0
c025d9ad4a9bba25195ea364034f9dbc5517358e9d0d5e9654ff2915f03bef63,3,0.0,0.0
4b8e4066182b079cd0416c8d470a0a2bc85814935d001be84fc200112bdce9d9,5,0.0,1.0
bb293e53d3efa9143441db926fd3af888d05a9581b8a764d7837275c3f8323fc,12,0.0,4.0
4ce71b0ca9ddb011ee0cd9e5d52a245b7f45829ed45bf0cb6ebbb2c5f1b42b86,2,0.0,0.0
fcf0a00514041604cdb772e254f363a8c075a3532b701bc5f0c72e97cb6b90cc,3,0.0,1.0
81ab32dce98eec975d2308a94850b21cf8705333cd88b0fecd9df2487b741334,5,1.0,0.0
5158714bff5ddad90e25e68d78f8391747443ca18b9c654a7e51f31b055d0882,6,0.0,1.0
377bd0ac349b3d898cc87dd35e4ec88c666d2cbdde86949af36d866cdd22cfcd,1,0.0,1.0
22d9e6aec19c6bb0de5c94d008ec6968e68d9a3f537fee2c194773161723e184,2,0.0,0.0
5be13a0e9666b43aba37f3bc6e31b5a8795fcc54de28992afb3d7621134554cd,4,0.0,1.0
b4e1df3b249dc61f4f34175c59713ba56ab203c955a7243e3a2778a89e9a3597,1,0.0,1.0
20cf98056e791984fcb629120607b2b77d1c35e42f6657200935a8bbbe9f4fed,1,0.0,0.0
116bd28235f42e499fe41399c319df536ad43b4178dd6b142e80d33aaf9bb5fb,10,0.0,3.0
77933c93f074c7eb6d1a53d3bb407149256556d5b587be8324939e8521dcc6fa,3,1.0,1.0
3d745cc9ac667c70ac6d343fc695f3686ddfe4b556d6d889a73e47380997e5f7,2,1.0,0.0
94d795453e49d5848e98ea8d3b9063d82b70f251866fce0379bab4bc434702d6,6,0.0,1.0
dcff5a4a9f285dd0d5c82821b5979f3f0ad4cc18942e8dc87563139521778516,6,1.0,5.0
9e2a484e0dfde6a4293d36cd98840149853c488067fd9f9062dbd1e2b1530cf8,12,0.0,5.0
5f8eae6af7aa0ee30ca17fb1a3901a2863eb89b1a0c99f6521b69dfe9a6acb22,1,0.0,0.0
82a9869bd504d67e234f38f41d01772df3473f2d36717e6553604d89e5a9d07c,2,0.0,0.0
06fb628a4cc125ef5ee786749042c9ebc681d15714b526e20383a135863b3341,5,0.0,1.0
c5dce627ddf61e79377627331175bb8db58500903ec60faade13ffd8f3356758,4,0.0,2.0
d7d8776505b4db97bcbf16ea9a483e460f88f3b58ede56ad15a70cc6a2324253,1,0.0,0.0
34d96f256aaea09659e89ee0112fca353e802e35e51b9e1bae69cdf9412b2ad2,6,0.0,1.0
2ee8053aec673abba5460776dbe3383c7b3c2529c381eb5d800855993995fe0e,12,1.0,1.0
9bc217814aef4d7545d7ca39bdc2c9d1daf79286a22a2bb998cf5162217733f6,3,1.0,1.0
ba9cf175b82b79178b6bae3baa17d2d8631d0bc7a03218f33154e2b5025fa875,3,0.0,1.0
e8de351ba5529c378cafaaedacc534356b1819245bd827543264fd97ccc88d36,12,1.0,4.0
fff9271fa0d8b9ac78f5178813b0c7c4504874234b72e5e7e2819ac4d043df71,2,0.0,0.0
510b2abcda87a352acd2f881f0d1fc3957cc4f7e76fd62cca7917da1222e5a56,4,0.0,1.0
7935055af7438f98b11be8d227e216764cd3f48524919e2f92a74aad84ef62d5,3,0.0,1.0
98d331cb1164b4237d1d53ebb20ed96a9813a2340d342d6e6eae8ed2d9845a07,2,1.0,1.0
10caf8f3a7b9945c4a70789a0644244813e1efb5f42b14b4d2fc4ab5752b039d,3,0.0,2.0
e0bdefd90cab2ca2a12087a202a89cf496325a1b30d8891b9b437a3daee1310e,10,1.0,2.0
25efb9a9313632dfbe41ce31a17fa9e9b5602b2aa274b5859c39e81133a539e8,1,0.0,1.0
855c6453cbd732a3be8988694eea525aa66c70b48f5b79605eaaea82e2584ae9,3,0.0,0.0
9dca4972a21c809c934e65d4ba07f6687549cd9c0ebede266b7c27dfec41689e,2,0.0,0.0
bc3f89c37ebc1517fe466eb63f130e725de71e9aeb3bed71e4c3248bb96e8d72,4,1.0,1.0
222dae907be1f204503b2195132e88c86ff34fb89d2e49cf0107800173ae0ad7,2,0.0,0.0
d7f7ebcc1c5b6af105babdb9f4589bbff36b37d3e5ee4c4593494997c4f8f7c7,3,0.0,1.0
ad09b9730ad79b83e26157be40d32403f37f24a20f6e82020caa6299d83a883b,6,1.0,2.0
316da769d2d0a2c8f6b2a5bb6135cf61f2cd8e8a0f716929c9a33ac79b2a00a7,3,0.0,1.0
b0f8a1b59205e9b343ae9e21b9aa733c497d15fd207f9ffc0a132db1a181a4cf,4,0.0,2.0
c85c8ba4e567c92e9ff4e123b9676d79bb5e49d6ba80b00c5ced24c4cee084ad,12,1.0,3.0
292439455a67ec22f57f6b5560b1d6a46d7fea35e331b19768f0828b81410304,3,0.0,0.0
b75c53d242a911c532af1753a7f7f9aba3ecd3c523b968a77557656a46c8b93d,2,0.0,0.0
5884c9d7fa2608d48530d942269d6301631c2c2223254e261bd47c3bb7edab76,2,0.0,0.0
5e3b807ddc8490f29d060269c635d2a98f68be9ae822f55c3bb862565ac851c1,3,1.0,1.0
eb9bd41261b4dd781864ca031b86fd2aeeb1c6103f1d76bd0874226d87da13b9,4,0.0,0.0
8f1933fe314356cc9d1817ad514be783f93a90a11f5f0361e72b03822deea46d,2,1.0,1.0
e5d2f5f8fa62a1a96adea466918315ea574031143d1c327168ba5c39aec15548,2,0.0,0.0
7809e8bd5f93c16403d5c7d6e75d5b9c69ddeea3694733c64d8a4abedb746542,2,0.0,1.0
faa5245215b46e077607228285644b60249e91393638415405303c56d90b3b35,3,0.0,1.0
6a9326b7f7245229918f2fa43601f2aa151ddecaf611ffdaeb817f02efeae944,3,1.0,0.0
6dc2d1bfa3d365595db97c34aed50dba792bf9ea58a2cac559c2a4a9fa03ce2b,2,0.0,0.0
8e3276724599d0ca1320efa1b7cea5ed6879a8f37516e9e3c4a63c0a8eda4f5f,4,1.0,0.0
8599f06324c7dc3622d1b8737ecf58f7140fcf8190fe342cf9d39612eea227c0,1,0.0,0.0
f5270d42901536d69e73987839d62127085cb375dcdff9f2df22a5c38d0ca172,2,0.0,2.0
22768749e9d828517120bfd04b85ffc6e1acaa42f2e0f07f9c3dbf12c7e32813,2,0.0,0.0
607b88517f36e3120ddf7826b3900347cc080148efa90011e7387a3b07f801e1,4,1.0,1.0
413a1dccfe204fd2946afb523afdf7fb0590c36be04d01343514cf2f109d4a83,4,1.0,2.0
fbee1507f3d2fa587149d53df5a2eed8b2f59b6ea6c1702c646b4fda942d99fa,4,0.0,2.0
b53054ce760b10d6a83dce43dfc6888cc35c9d591be9cf5bc4eeb313947cde00,6,0.0,2.0
1246f1806d2b2cd2c3e19c891c586e5e8afde4587320b4e84049f9d75d1a3f2f,2,0.0,1.0
a15816021763c5882eaa60a23249a913c3995ed0cd9fedcd275958d34fa06dfb,1,0.0,0.0
f6200a6d3f34f8b69c62ea3f2c15c7e32a2de2eb136649fb0d91e3077ee16b41,4,0.0,1.0
0e6d4debe774eb6e87e17d4006febf31b84fca2fa36bd3daeda27be6fc02fa59,3,0.0,0.0
722e2af28b0466673adeae6cd983215881b524c2d667033530dfba968266bb48,1,0.0,1.0
319315a68513b7234a4643b915c669aefb8dab2b8d2824c8c21468cf9f0357b1,9,0.0,0.0
6e49f2b33477e269ff4b6f35bdf079b3b1cdf1e240bd72546136777799ceae20,3,0.0,0.0
99b2cb81662dfc81ea928480a8cdae479f7cd3f6fc122e8ddb18eb959b09d5f2,5,1.0,1.0
f80003eebc7d1a2a793bcca5d777d6eee6ddadba3762d4127cdebd1433e5bff6,9,0.0,4.0
35fae5f4d20a91b4eba06503da417d26d49c3d4d28a24e255157869f825c35cc,2,0.0,0.0
c379649d4e6178ff3693cc77012f93c352c1be161603124e98fefaac715ba9ba,5,0.0,1.0
66a1a688e035a6f17beec026f0d17afd60a03538348339b4b0f55cd3784da56e,9,2.0,2.0
c5110c9ce21c40ceb1746f415202474844b3cfbe6059690f2f10529f27f0e328,1,0.0,1.0
07a0c2ffb7655c0b0cc752d593e02c369cd829c54b8683a8ffb7dc31407eb921,2,0.0,0.0
6a548c7005639f95a3458db95debebfbf094b48bc0aa1a50e89be3f682a02a9d,2,0.0,1.0
97e7f9e37c9eaf418c4fc58954983b3494b35a88df9b4bd632ed65b405ce848e,5,1.0,1.0
367f8e7ce067d4200af63f669890ff000cd9375e56702c4ae553cff31145a193,6,0.0,1.0
383bc0efca9b6f2ce8ea9c89e6f3d6950e01b3b8b7e49e124aa38a948a6f8b83,2,1.0,1.0
9139149e7dae4934a12daefb9ff5d5b6a7fb0c13a3dd269ae66c63717f71796d,3,0.0,0.0
9cb78faa80cd56a9f8f24ec5a398fca16b29b630d593eff1b6c16fabf49ed544,12,4.0,3.0
5859b206a7ce3cf19c323f55a317aed12a5322941bbb85c62b45fd8ed5d8b61d,2,0.0,1.0
c150c933e2961e9f3a8a742dd10f0cbf423e399edc20bde793dfb6a583cac468,12,0.0,6.0
462b121c0577a311599df8a901ff8997a0b4a3cc9ca0cbdf4ef6332ce54a83a3,1,1.0,1.0
d53307af1962f7d5150996829547631bf135e2d3df0b9c93458a32dfba9e36c1,2,0.0,1.0
93fc6b2152c87120c4be8ed34b4921fe4ccb5f6111a40f3711f339c53e9add31,2,0.0,1.0
fa094098ab3ef96720194902472f7b22e5e5cb001d9b0c8009d6c5ea3678cc67,1,0.0,0.0
60d49da2f7b823efa819e14e671ce5e73ddbe2a2e964a5184ee94d2234097d0a,3,0.0,2.0
67567e07838f6525665b9795b2176ff1a81326a6f57629c71e874cff6e7762ab,1,0.0,0.0
cde5dd47acc471cec6109c8d0cfdc7ce690d5efa74221a86ec4d2ae1feadde91,2,0.0,1.0
0eea9f1820ad89bd430785831c973911fbc5fe434f3ab0df75fbdf980d269377,5,0.0,3.0
217a1e29974984ec7b4d0f599974a924e9de387cb011396ed8df0ea83611a976,3,0.0,2.0
2af69e82412bf0f4609b8420c5f6632368de17a6871e01e944fb546e6a0bad3a,3,1.0,1.0
dc55987b09e68bb13bd99d3a5f18d2df24f1a0c3a00f793264390f67259e101b,9,2.0,5.0
c5374b1843417a7d074a71289af8beaae3c1bf84ef2167e09def2e4033858f1f,1,0.0,0.0
581ff0d302da510867bd9a63d3784c99038c3813a1a6d7704971d6e20b7a9c61,2,0.0,1.0
54403e433cf5e5089338d93a4fca5d310079b1f50267a12a2be2481fa300e8d6,2,0.0,0.0
3069313d9138eb9feca73a28b712a5104d37c620750b30fe739877ba4c0f5801,1,0.0,0.0
9dd4dd2523e992eec8f57854fdf8258e19d50896d990f9f9a19312688841e9a9,2,0.0,1.0
648c8736e5660a5ac08adb2e7b3ae5881d27d7e6ce6dbb415b5045999a2f3337,2,0.0,0.0
65c315fcb2f4071a0cd8eb66718bc29e3a345214596ae28f6539180d667dc17d,3,0.0,1.0
22528ea037db9c734b7ce568cf8e5091d120ff256ce200f0ebf9e70906e37f0d,4,0.0,0.0
cdc75262d721f44ffc9362c9819fed5716ee2d5aa3325f67d8b39860c6a2e46e,4,0.0,2.0
3142b4ff26890735ef81939ee8249977a88fefa4f07a3ca0d6035a800a7d9f96,9,0.0,1.0
5910442291d8ed47e45f195d1cb520198edf59047800cba2523a10a48ae5465d,8,0.0,2.0
69f945d64df5ce0508b7edf260eba5aeba15217d3949f5d1e06c909ef513fdde,2,0.0,1.0
bde7c5ba3d99c15e68aa0c102556accb6358d5a43f5fe6e05fc4eaf502a7f5ef,6,0.0,0.0
6a36ba74f303f0811c4e7cd6fd644cc4363befafed6a5bc829eef49d34e7c8e7,1,1.0,1.0
512e2390d36e64cf7564e85e23f440f13893753d23c3c6fadd0f63e71d13fe3a,1,1.0,0.0
efed84b55585421f74bd2129c0e38ba2ccd6768b6606f77e93c14c6b917bc4ba,3,1.0,1.0
ff8aee26ea0d983044355789f23399e4c27657938bd0b045bfa95e3298fb1ce4,4,1.0,0.0
80155d61dee1077c4e1b345101771914a062cd9b500abc5f4737f6172488b4aa,10,0.0,2.0
4199e5e855eaefc3c4c21490b7e6785afe061bef80197505cf2a9f07428597d3,1,0.0,0.0
50a47ec610554cda369a6f3470a5ca9254916162491dffbcecf7e0e9096fdaed,4,0.0,3.0
6908b5b916c77dd8721979db1cd1e5d7b8cad0a77c05811cafb36284f73bd428,5,0.0,1.0
2b60633fe4835d8f8a054c6804323bc7e01edc79bd59534f5b8d64b34b4e6241,4,0.0,2.0
ae93fee68c09d9d657ab29d561c4c977fc709cf00b3bfe6ac75538f1e390d6a5,1,0.0,0.0
9167bfe6d8712cb1c71773129a6e5795575b5618df3b4ef44dc6de85b8ae0292,4,2.0,3.0
eb3c2c4c0c09391137f25fe4ee64495132270e2bbc524e8cda454cd809de86e2,1,0.0,0.0
d0a9a908aa58b7885340cb594f8f6a984f2f32d5c8c37023a46a66d475e8a8a6,2,0.0,0.0
ed46166c7a52266e3d160e242651496babc8ae5dee66246b2208b8f875fe20a4,3,0.0,0.0
d15a57d4a074679a917b0ebc0d0e0c50eea7419574eda612209757140bdf1eea,4,0.0,2.0
99061506367e9871f594831fa51573f1dff6e0dda226fd253dcf650842c4490e,3,0.0,0.0
86129b005fad1cd3599a02b9314c5e2fbd0abb141df2a6ce07716e729dbfbdd3,1,0.0,1.0
ec2f107f2569b8c411f4b0ad7af9919ada922cf432c24f5086e312f51725b576,1,0.0,0.0
b71fbb4ee002080e8e899189b647e1a199958171983b066c2b73b223a6749460,5,0.0,1.0
2c887478b77d86db4fb050902b7c58b8665b41d011a081b0384f61ef7579f93c,5,0.0,0.0
3ca1c35f3d5c4481213b808d85accab60d2feb925d56b960af1e7e28b26f76ad,1,0.0,1.0
52a9fbe1a81700207aa283135476706bb4d7e13061daf414aeb2944c15fe89f1,3,0.0,1.0
ba7e6bc913f79349de175eb52c167129409e5d68a5ee2b2a4e9922136e7b9480,11,0.0,3.0
e3166a410540b23b396c6156e55c9ab7a179f1a376981e759c542e75ffa0950b,4,0.0,0.0
b8f22f85bd7e8ca69cd507b7ea093cb62a49012e095a715d459646648879014d,22,2.0,7.0
bc0520280e5e1e13066dacc4bf82d79415c96cffe48996e3559cca703c2c41e0,5,3.0,1.0
af88235abab673c51323c195f671fc8b4b3b47a205f7b17ad4ddac92955117c2,6,1.0,2.0
a2b589447aea823f32b10c57cc9c4da7827fc529b3b8b5df0b217928174a2d32,4,1.0,2.0
4affc3f5a24b7012495c0d1d241d303b5c03c33a146ed20e90b106f46b15b47a,2,0.0,0.0
21cce6ba2240b183af05cb3131c1f24326ce8e89fdeea3d1873b8dcc5536d8b7,1,0.0,1.0
3163ba82dbe2899469005a141b6f1e062473ae06198166208b337ea09b631a32,2,0.0,0.0
3f3ab543d34cd44abffc6a051a8805105d98a52be5a2586e81b45ba17bdd0e10,3,1.0,2.0
0e0958f32b4e4358d97936f6d3490f4263ef7c6d8b7349d0ae209e6c24e36d3f,2,1.0,2.0
52d98f527096492e9c449e580a65e836d725f8d41850487c68d39dcbe0c78d53,3,0.0,2.0
8a2fd087e7fdaef8988c547dc8835abf635d142b4a961f4fed56c8c77b7d044f,2,0.0,1.0
8344cc35b03f390d2bded7250b565783dc8a060b2110abc0d3858da074e084da,2,1.0,0.0
6fe3c56891681b0e4ea4ac83459fb0d563960955753590941b1d7e0dfd288b5a,3,0.0,1.0
a6d51b5fc365379dbd9f55f4e1479dfa042ab667ee3ab780826612dbc42b3908,1,0.0,0.0
41c5ac602a73a1bc239606f76673c4e9846e685c09da171345e14b194499cc8a,2,0.0,0.0
d5b67d9cf0efb503dcd49bf42291b93389499c17617543aa2ce87693d5683430,1,0.0,0.0
6b7137a4117677d69cbaa776e3993b01e4cdf7da70236359aa5d2460c5f500ed,2,0.0,1.0
81e6befa9fb077036534e3f9fece3a13e7769db5f7edb8459bd83fdd9366ee47,2,0.0,0.0
4804531093c8651c2f3a4d99cabd1392aeffed02178b73f242d7604889bfa63a,2,1.0,0.0
307a3f32703c958a8617cc0961afd826b273cfcf0f99af001720b88a8cf819d9,12,2.0,3.0
d8b8f94d57a09879ecc401388c0e8e7abca3aa565b3e8615f60df24a19b8b0c3,2,0.0,0.0
19494fcd619ff6b59c5c92818651e90eb14513ecae6a3c23db3acfbe06ed24cf,1,1.0,0.0
5b4a452ca44dbd534ac53d0d72be13a05399a74efeaab2c9624efb2651008206,2,0.0,0.0
f34b7dce17c9b6eeb38bfda0c81fa1b2682146610ee7e65e9b0a770fb51a5a0a,6,0.0,1.0
8e571fe50808c92144d4e7f92922ee1c56dff5cf8d8cf1767b920d8e0a46c7f0,6,0.0,1.0
e149657d98856f3ebc9e87fe80f71f7b112352de2d2b422863ebb98b20128ab1,2,0.0,0.0
f89abfda7957b42123dc19e753728a75528771d3c3d9aba086c3a7e4a0592fa3,2,0.0,0.0
84ebbcc4b4337fcc18cc1d50f516126a90b72200bccd82056fa6bc496c7985a6,4,0.0,0.0
30601a64db235cfc1511ea3f375b698efb8504c6ca5e348deb99dead087fd771,3,0.0,1.0
0abd04fd8f022ed30f4c33d833907ca326b7997d0011ddc9f07908735a6f4e32,4,0.0,2.0
dd65681bb04e4e4408d99b31c26e4fc888cc77807a0ebfa9192f4b622e5fff15,1,0.0,0.0
1d3002b741b7ce2dbd7feb9d82eb3d93338f2e0c2cd4ff3089308cd7f4732d48,3,1.0,1.0
2ebeff722b206b07d50187652985eb0c1f85fcef0e49511f5c28f7124c70f771,1,0.0,0.0
7d10f2f446e635c92c1135857f083133e131a44ed8b8ece1f67e4cb594a7817f,9,0.0,2.0
80c7e9e3ca9d09e19016051271a9c31bbe601aa0d62741ae0d3f5c63b31a2ff9,5,0.0,1.0
e59d9e8ccf2b0d0328f2a436aac42bbd4303fffdb40a521e8131f8ffe534385a,6,0.0,2.0
eb7ef8d2090f525f72fa4f77049bba0cf4edae33e111d616dd2ab41af3159af4,2,0.0,0.0
4f5e1bf415aeb286df9c94a5e45dea323575f702a5b02c1dc01a5f5a4aa90c39,6,1.0,2.0
2b7a71af0d80a656f7bbfbbf3ca930fdd542278f38650a254e5a53037512b261,5,0.0,1.0
