timestamp, index, uuid, name, utilization.gpu [%], memory.used [MiB], power.draw [W], clocks.current.sm [MHz]
2026/09/17 19:27:28.359, 0, GPU-4032c442-acca-95c4-0705-82255b8b0274, NVIDIA GeForce RTX 5090, 0 %, 0 MiB, 22.91 W, 180 MHz
2026/09/17 19:27:30.366, 0, GPU-4032c442-acca-95c4-0705-82255b8b0274, NVIDIA GeForce RTX 5090, 0 %, 0 MiB, 22.67 W, 180 MHz
2026/09/17 19:27:32.367, 0, GPU-4032c442-acca-95c4-0705-82255b8b0274, NVIDIA GeForce RTX 5090, 0 %, 0 MiB, 22.69 W, 180 MHz
2026/09/17 19:27:34.367, 0, GPU-4032c442-acca-95c4-0705-82255b8b0274, NVIDIA GeForce RTX 5090, 0 %, 0 MiB, 22.76 W, 180 MHz
2026/09/17 19:27:36.367, 0, GPU-4032c442-acca-95c4-0705-82255b8b0274, NVIDIA GeForce RTX 5090, 0 %, 3 MiB, 22.54 W, 180 MHz
2026/09/17 19:27:38.368, 0, GPU-4032c442-acca-95c4-0705-82255b8b0274, NVIDIA GeForce RTX 5090, 0 %, 3 MiB, 25.06 W, 180 MHz
2026/09/17 19:27:40.368, 0, GPU-4032c442-acca-95c4-0705-82255b8b0274, NVIDIA GeForce RTX 5090, 0 %, 3 MiB, 22.91 W, 180 MHz
2026/09/17 19:27:42.369, 0, GPU-4032c442-acca-95c4-0705-82255b8b0274, NVIDIA GeForce RTX 5090, 0 %, 1669 MiB, 22.67 W, 180 MHz
2026/09/17 19:27:44.369, 0, GPU-4032c442-acca-95c4-0705-82255b8b0274, NVIDIA GeForce RTX 5090, 99 %, 3211 MiB, 446.57 W, 2850 MHz
2026/09/17 19:27:46.369, 0, GPU-4032c442-acca-95c4-0705-82255b8b0274, NVIDIA GeForce RTX 5090, 100 %, 3211 MiB, 574.97 W, 2850 MHz
2026/09/17 19:27:48.370, 0, GPU-4032c442-acca-95c4-0705-82255b8b0274, NVIDIA GeForce RTX 5090, 99 %, 3211 MiB, 574.36 W, 2842 MHz
2026/09/17 19:27:50.370, 0, GPU-4032c442-acca-95c4-0705-82255b8b0274, NVIDIA GeForce RTX 5090, 100 %, 3211 MiB, 574.66 W, 2842 MHz
2026/09/17 19:27:52.371, 0, GPU-4032c442-acca-95c4-0705-82255b8b0274, NVIDIA GeForce RTX 5090, 99 %, 3211 MiB, 575.65 W, 2842 MHz
2026/09/17 19:27:54.371, 0, GPU-4032c442-acca-95c4-0705-82255b8b0274, NVIDIA GeForce RTX 5090, 100 %, 3211 MiB, 574.63 W, 2842 MHz
2026/09/17 19:27:56.371, 0, GPU-4032c442-acca-95c4-0705-82255b8b0274, NVIDIA GeForce RTX 5090, 99 %, 3211 MiB, 574.81 W, 2842 MHz
2026/09/17 19:27:58.372, 0, GPU-4032c442-acca-95c4-0705-82255b8b0274, NVIDIA GeForce RTX 5090, 99 %, 3211 MiB, 575.85 W, 2827 MHz
2026/09/17 19:28:00.372, 0, GPU-4032c442-acca-95c4-0705-82255b8b0274, NVIDIA GeForce RTX 5090, 99 %, 3211 MiB, 574.52 W, 2827 MHz
2026/09/17 19:28:02.372, 0, GPU-4032c442-acca-95c4-0705-82255b8b0274, NVIDIA GeForce RTX 5090, 99 %, 3211 MiB, 575.49 W, 2827 MHz
2026/09/17 19:28:04.373, 0, GPU-4032c442-acca-95c4-0705-82255b8b0274, NVIDIA GeForce RTX 5090, 100 %, 3211 MiB, 574.81 W, 2827 MHz
2026/09/17 19:28:06.373, 0, GPU-4032c442-acca-95c4-0705-82255b8b0274, NVIDIA GeForce RTX 5090, 99 %, 3211 MiB, 575.45 W, 2827 MHz
2026/09/17 19:28:08.373, 0, GPU-4032c442-acca-95c4-0705-82255b8b0274, NVIDIA GeForce RTX 5090, 100 %, 3211 MiB, 574.73 W, 2827 MHz
2026/09/17 19:28:10.374, 0, GPU-4032c442-acca-95c4-0705-82255b8b0274, NVIDIA GeForce RTX 5090, 99 %, 3211 MiB, 575.52 W, 2827 MHz
2026/09/17 19:28:12.374, 0, GPU-4032c442-acca-95c4-0705-82255b8b0274, NVIDIA GeForce RTX 5090, 99 %, 3211 MiB, 575.47 W, 2827 MHz
2026/09/17 19:28:14.374, 0, GPU-4032c442-acca-95c4-0705-82255b8b0274, NVIDIA GeForce RTX 5090, 100 %, 3211 MiB, 574.32 W, 2820 MHz
2026/09/17 19:28:16.375, 0, GPU-4032c442-acca-95c4-0705-82255b8b0274, NVIDIA GeForce RTX 5090, 99 %, 3211 MiB, 574.79 W, 2820 MHz
2026/09/17 19:28:18.375, 0, GPU-4032c442-acca-95c4-0705-82255b8b0274, NVIDIA GeForce RTX 5090, 100 %, 3211 MiB, 574.90 W, 2820 MHz
2026/09/17 19:28:20.375, 0, GPU-4032c442-acca-95c4-0705-82255b8b0274, NVIDIA GeForce RTX 5090, 99 %, 3211 MiB, 575.51 W, 2820 MHz
2026/09/17 19:28:22.376, 0, GPU-4032c442-acca-95c4-0705-82255b8b0274, NVIDIA GeForce RTX 5090, 99 %, 3211 MiB, 575.87 W, 2820 MHz
2026/09/17 19:28:24.376, 0, GPU-4032c442-acca-95c4-0705-82255b8b0274, NVIDIA GeForce RTX 5090, 100 %, 3211 MiB, 574.73 W, 2812 MHz
2026/09/17 19:28:26.376, 0, GPU-4032c442-acca-95c4-0705-82255b8b0274, NVIDIA GeForce RTX 5090, 99 %, 3211 MiB, 575.31 W, 2812 MHz
2026/09/17 19:28:28.377, 0, GPU-4032c442-acca-95c4-0705-82255b8b0274, NVIDIA GeForce RTX 5090, 99 %, 3211 MiB, 575.28 W, 2812 MHz
2026/09/17 19:28:30.377, 0, GPU-4032c442-acca-95c4-0705-82255b8b0274, NVIDIA GeForce RTX 5090, 100 %, 3211 MiB, 574.35 W, 2812 MHz
2026/09/17 19:28:32.378, 0, GPU-4032c442-acca-95c4-0705-82255b8b0274, NVIDIA GeForce RTX 5090, 99 %, 3211 MiB, 574.69 W, 2805 MHz
2026/09/17 19:28:34.378, 0, GPU-4032c442-acca-95c4-0705-82255b8b0274, NVIDIA GeForce RTX 5090, 99 %, 3211 MiB, 575.79 W, 2797 MHz
2026/09/17 19:28:36.378, 0, GPU-4032c442-acca-95c4-0705-82255b8b0274, NVIDIA GeForce RTX 5090, 100 %, 3211 MiB, 574.37 W, 2797 MHz
2026/09/17 19:28:38.379, 0, GPU-4032c442-acca-95c4-0705-82255b8b0274, NVIDIA GeForce RTX 5090, 99 %, 3211 MiB, 574.78 W, 2797 MHz
2026/09/17 19:28:40.379, 0, GPU-4032c442-acca-95c4-0705-82255b8b0274, NVIDIA GeForce RTX 5090, 99 %, 3211 MiB, 575.76 W, 2797 MHz
2026/09/17 19:28:42.379, 0, GPU-4032c442-acca-95c4-0705-82255b8b0274, NVIDIA GeForce RTX 5090, 100 %, 3211 MiB, 574.32 W, 2797 MHz
2026/09/17 19:28:44.380, 0, GPU-4032c442-acca-95c4-0705-82255b8b0274, NVIDIA GeForce RTX 5090, 99 %, 3211 MiB, 574.61 W, 2797 MHz
2026/09/17 19:28:46.380, 0, GPU-4032c442-acca-95c4-0705-82255b8b0274, NVIDIA GeForce RTX 5090, 99 %, 3211 MiB, 575.68 W, 2797 MHz
2026/09/17 19:28:48.380, 0, GPU-4032c442-acca-95c4-0705-82255b8b0274, NVIDIA GeForce RTX 5090, 100 %, 3211 MiB, 575.13 W, 2790 MHz
2026/09/17 19:28:50.381, 0, GPU-4032c442-acca-95c4-0705-82255b8b0274, NVIDIA GeForce RTX 5090, 100 %, 3211 MiB, 574.65 W, 2790 MHz
2026/09/17 19:28:52.381, 0, GPU-4032c442-acca-95c4-0705-82255b8b0274, NVIDIA GeForce RTX 5090, 99 %, 3211 MiB, 575.26 W, 2790 MHz
2026/09/17 19:28:54.381, 0, GPU-4032c442-acca-95c4-0705-82255b8b0274, NVIDIA GeForce RTX 5090, 99 %, 3211 MiB, 548.08 W, 2797 MHz
2026/09/17 19:28:56.382, 0, GPU-4032c442-acca-95c4-0705-82255b8b0274, NVIDIA GeForce RTX 5090, 99 %, 3211 MiB, 575.23 W, 2790 MHz
2026/09/17 19:28:58.382, 0, GPU-4032c442-acca-95c4-0705-82255b8b0274, NVIDIA GeForce RTX 5090, 100 %, 3211 MiB, 574.37 W, 2790 MHz
2026/09/17 19:29:00.382, 0, GPU-4032c442-acca-95c4-0705-82255b8b0274, NVIDIA GeForce RTX 5090, 99 %, 3211 MiB, 574.62 W, 2790 MHz
2026/09/17 19:29:02.383, 0, GPU-4032c442-acca-95c4-0705-82255b8b0274, NVIDIA GeForce RTX 5090, 99 %, 3211 MiB, 575.21 W, 2790 MHz
2026/09/17 19:29:04.383, 0, GPU-4032c442-acca-95c4-0705-82255b8b0274, NVIDIA GeForce RTX 5090, 99 %, 3211 MiB, 575.60 W, 2790 MHz
2026/09/17 19:29:06.383, 0, GPU-4032c442-acca-95c4-0705-82255b8b0274, NVIDIA GeForce RTX 5090, 5 %, 3283 MiB, 196.20 W, 2895 MHz
2026/09/17 19:29:08.384, 0, GPU-4032c442-acca-95c4-0705-82255b8b0274, NVIDIA GeForce RTX 5090, 100 %, 3239 MiB, 576.28 W, 2782 MHz
2026/09/17 19:29:10.384, 0, GPU-4032c442-acca-95c4-0705-82255b8b0274, NVIDIA GeForce RTX 5090, 99 %, 3239 MiB, 575.30 W, 2782 MHz
2026/09/17 19:29:12.385, 0, GPU-4032c442-acca-95c4-0705-82255b8b0274, NVIDIA GeForce RTX 5090, 99 %, 3239 MiB, 575.27 W, 2782 MHz
2026/09/17 19:29:14.385, 0, GPU-4032c442-acca-95c4-0705-82255b8b0274, NVIDIA GeForce RTX 5090, 99 %, 3239 MiB, 575.68 W, 2782 MHz
2026/09/17 19:29:16.385, 0, GPU-4032c442-acca-95c4-0705-82255b8b0274, NVIDIA GeForce RTX 5090, 100 %, 3239 MiB, 574.62 W, 2782 MHz
2026/09/17 19:29:18.386, 0, GPU-4032c442-acca-95c4-0705-82255b8b0274, NVIDIA GeForce RTX 5090, 99 %, 3239 MiB, 575.20 W, 2782 MHz
2026/09/17 19:29:20.386, 0, GPU-4032c442-acca-95c4-0705-82255b8b0274, NVIDIA GeForce RTX 5090, 99 %, 3239 MiB, 574.63 W, 2782 MHz
2026/09/17 19:29:22.387, 0, GPU-4032c442-acca-95c4-0705-82255b8b0274, NVIDIA GeForce RTX 5090, 99 %, 3239 MiB, 575.58 W, 2782 MHz
2026/09/17 19:29:24.387, 0, GPU-4032c442-acca-95c4-0705-82255b8b0274, NVIDIA GeForce RTX 5090, 100 %, 3239 MiB, 575.23 W, 2775 MHz
2026/09/17 19:29:26.387, 0, GPU-4032c442-acca-95c4-0705-82255b8b0274, NVIDIA GeForce RTX 5090, 100 %, 3239 MiB, 574.62 W, 2775 MHz
2026/09/17 19:29:28.388, 0, GPU-4032c442-acca-95c4-0705-82255b8b0274, NVIDIA GeForce RTX 5090, 99 %, 3239 MiB, 575.27 W, 2775 MHz
2026/09/17 19:29:30.388, 0, GPU-4032c442-acca-95c4-0705-82255b8b0274, NVIDIA GeForce RTX 5090, 99 %, 3239 MiB, 574.56 W, 2775 MHz
2026/09/17 19:29:32.388, 0, GPU-4032c442-acca-95c4-0705-82255b8b0274, NVIDIA GeForce RTX 5090, 99 %, 3239 MiB, 575.58 W, 2775 MHz
2026/09/17 19:29:34.389, 0, GPU-4032c442-acca-95c4-0705-82255b8b0274, NVIDIA GeForce RTX 5090, 100 %, 3239 MiB, 575.14 W, 2775 MHz
2026/09/17 19:29:36.389, 0, GPU-4032c442-acca-95c4-0705-82255b8b0274, NVIDIA GeForce RTX 5090, 100 %, 3239 MiB, 574.57 W, 2775 MHz
2026/09/17 19:29:38.390, 0, GPU-4032c442-acca-95c4-0705-82255b8b0274, NVIDIA GeForce RTX 5090, 99 %, 3239 MiB, 575.28 W, 2775 MHz
2026/09/17 19:29:40.390, 0, GPU-4032c442-acca-95c4-0705-82255b8b0274, NVIDIA GeForce RTX 5090, 99 %, 3239 MiB, 575.28 W, 2775 MHz
2026/09/17 19:29:42.390, 0, GPU-4032c442-acca-95c4-0705-82255b8b0274, NVIDIA GeForce RTX 5090, 99 %, 3239 MiB, 575.19 W, 2775 MHz
2026/09/17 19:29:44.391, 0, GPU-4032c442-acca-95c4-0705-82255b8b0274, NVIDIA GeForce RTX 5090, 100 %, 3239 MiB, 575.16 W, 2767 MHz
2026/09/17 19:29:46.391, 0, GPU-4032c442-acca-95c4-0705-82255b8b0274, NVIDIA GeForce RTX 5090, 100 %, 3239 MiB, 574.34 W, 2775 MHz
2026/09/17 19:29:48.391, 0, GPU-4032c442-acca-95c4-0705-82255b8b0274, NVIDIA GeForce RTX 5090, 99 %, 3239 MiB, 575.20 W, 2775 MHz
2026/09/17 19:29:50.392, 0, GPU-4032c442-acca-95c4-0705-82255b8b0274, NVIDIA GeForce RTX 5090, 99 %, 3239 MiB, 574.39 W, 2760 MHz
2026/09/17 19:29:52.392, 0, GPU-4032c442-acca-95c4-0705-82255b8b0274, NVIDIA GeForce RTX 5090, 99 %, 3239 MiB, 575.10 W, 2767 MHz
2026/09/17 19:29:54.392, 0, GPU-4032c442-acca-95c4-0705-82255b8b0274, NVIDIA GeForce RTX 5090, 99 %, 3239 MiB, 575.21 W, 2760 MHz
2026/09/17 19:29:56.393, 0, GPU-4032c442-acca-95c4-0705-82255b8b0274, NVIDIA GeForce RTX 5090, 100 %, 3239 MiB, 574.42 W, 2760 MHz
2026/09/17 19:29:58.393, 0, GPU-4032c442-acca-95c4-0705-82255b8b0274, NVIDIA GeForce RTX 5090, 100 %, 3239 MiB, 574.61 W, 2760 MHz
2026/09/17 19:30:00.393, 0, GPU-4032c442-acca-95c4-0705-82255b8b0274, NVIDIA GeForce RTX 5090, 99 %, 3239 MiB, 575.21 W, 2760 MHz
2026/09/17 19:30:02.394, 0, GPU-4032c442-acca-95c4-0705-82255b8b0274, NVIDIA GeForce RTX 5090, 100 %, 3239 MiB, 575.25 W, 2760 MHz
2026/09/17 19:30:04.394, 0, GPU-4032c442-acca-95c4-0705-82255b8b0274, NVIDIA GeForce RTX 5090, 100 %, 3239 MiB, 575.08 W, 2760 MHz
2026/09/17 19:30:06.395, 0, GPU-4032c442-acca-95c4-0705-82255b8b0274, NVIDIA GeForce RTX 5090, 99 %, 3239 MiB, 574.33 W, 2760 MHz
2026/09/17 19:30:08.395, 0, GPU-4032c442-acca-95c4-0705-82255b8b0274, NVIDIA GeForce RTX 5090, 100 %, 3239 MiB, 575.12 W, 2760 MHz
2026/09/17 19:30:10.395, 0, GPU-4032c442-acca-95c4-0705-82255b8b0274, NVIDIA GeForce RTX 5090, 100 %, 3239 MiB, 574.69 W, 2760 MHz
2026/09/17 19:30:12.396, 0, GPU-4032c442-acca-95c4-0705-82255b8b0274, NVIDIA GeForce RTX 5090, 99 %, 3239 MiB, 574.62 W, 2760 MHz
2026/09/17 19:30:14.396, 0, GPU-4032c442-acca-95c4-0705-82255b8b0274, NVIDIA GeForce RTX 5090, 99 %, 3239 MiB, 574.60 W, 2760 MHz
2026/09/17 19:30:16.396, 0, GPU-4032c442-acca-95c4-0705-82255b8b0274, NVIDIA GeForce RTX 5090, 99 %, 3239 MiB, 575.21 W, 2760 MHz
2026/09/17 19:30:18.397, 0, GPU-4032c442-acca-95c4-0705-82255b8b0274, NVIDIA GeForce RTX 5090, 99 %, 3239 MiB, 550.10 W, 2767 MHz
2026/09/17 19:30:20.397, 0, GPU-4032c442-acca-95c4-0705-82255b8b0274, NVIDIA GeForce RTX 5090, 99 %, 3239 MiB, 575.10 W, 2760 MHz
2026/09/17 19:30:22.397, 0, GPU-4032c442-acca-95c4-0705-82255b8b0274, NVIDIA GeForce RTX 5090, 99 %, 3239 MiB, 574.28 W, 2760 MHz
2026/09/17 19:30:24.398, 0, GPU-4032c442-acca-95c4-0705-82255b8b0274, NVIDIA GeForce RTX 5090, 99 %, 3239 MiB, 575.19 W, 2760 MHz
2026/09/17 19:30:26.398, 0, GPU-4032c442-acca-95c4-0705-82255b8b0274, NVIDIA GeForce RTX 5090, 99 %, 3239 MiB, 575.22 W, 2760 MHz
2026/09/17 19:30:28.398, 0, GPU-4032c442-acca-95c4-0705-82255b8b0274, NVIDIA GeForce RTX 5090, 99 %, 3239 MiB, 575.18 W, 2760 MHz
2026/09/17 19:30:30.399, 0, GPU-4032c442-acca-95c4-0705-82255b8b0274, NVIDIA GeForce RTX 5090, 6 %, 3243 MiB, 192.24 W, 2895 MHz
